縣市名稱,查報均價(元/20公斤(桶)),查報日期(年/月)
臺北市,922,201101
基隆市,896,201101
新北市,856,201101
宜蘭縣,794,201101
新竹市,858,201101
新竹縣,829,201101
桃園市,816,201101
苗栗縣,843,201101
臺中市,822,201101
彰化縣,790,201101
南投縣,811,201101
嘉義市,840,201101
嘉義縣,827,201101
雲林縣,815,201101
臺南市,802,201101
高雄市,812,201101
澎湖縣,860,201101
屏東縣,805,201101
臺東縣,844,201101
花蓮縣,854,201101
金門縣,872,201101
連江縣,852,201101
臺北市,875,201102
基隆市,858,201102
新北市,831,201102
宜蘭縣,769,201102
新竹市,790,201102
新竹縣,786,201102
桃園市,786,201102
苗栗縣,822,201102
臺中市,794,201102
彰化縣,766,201102
南投縣,789,201102
嘉義市,795,201102
嘉義縣,797,201102
雲林縣,801,201102
臺南市,771,201102
高雄市,784,201102
澎湖縣,844,201102
屏東縣,774,201102
臺東縣,839,201102
花蓮縣,812,201102
金門縣,842,201102
連江縣,822,201102
臺北市,874,201103
基隆市,878,201103
新北市,836,201103
宜蘭縣,776,201103
新竹市,823,201103
新竹縣,777,201103
桃園市,797,201103
苗栗縣,826,201103
臺中市,799,201103
彰化縣,780,201103
南投縣,795,201103
嘉義市,794,201103
嘉義縣,799,201103
雲林縣,813,201103
臺南市,781,201103
高雄市,794,201103
澎湖縣,845,201103
屏東縣,775,201103
臺東縣,838,201103
花蓮縣,838,201103
金門縣,852,201103
連江縣,832,201103
臺北市,894,201104
基隆市,874,201104
新北市,836,201104
宜蘭縣,782,201104
新竹市,828,201104
新竹縣,801,201104
桃園市,796,201104
苗栗縣,820,201104
臺中市,796,201104
彰化縣,774,201104
南投縣,796,201104
嘉義市,799,201104
嘉義縣,813,201104
雲林縣,818,201104
臺南市,784,201104
高雄市,795,201104
澎湖縣,815,201104
屏東縣,780,201104
臺東縣,838,201104
花蓮縣,836,201104
金門縣,852,201104
連江縣,832,201104
臺北市,886,201105
基隆市,886,201105
新北市,838,201105
宜蘭縣,767,201105
新竹市,795,201105
新竹縣,798,201105
桃園市,798,201105
苗栗縣,823,201105
臺中市,797,201105
彰化縣,772,201105
南投縣,800,201105
嘉義市,795,201105
嘉義縣,805,201105
雲林縣,812,201105
臺南市,779,201105
高雄市,793,201105
澎湖縣,819,201105
屏東縣,779,201105
臺東縣,848,201105
花蓮縣,835,201105
金門縣,852,201105
連江縣,832,201105
臺北市,884,201106
基隆市,873,201106
新北市,837,201106
宜蘭縣,765,201106
新竹市,818,201106
新竹縣,797,201106
桃園市,795,201106
苗栗縣,831,201106
臺中市,799,201106
彰化縣,776,201106
南投縣,803,201106
嘉義市,791,201106
嘉義縣,804,201106
雲林縣,810,201106
臺南市,783,201106
高雄市,795,201106
澎湖縣,817,201106
屏東縣,776,201106
臺東縣,839,201106
花蓮縣,834,201106
金門縣,852,201106
連江縣,832,201106
臺北市,897,201107
基隆市,874,201107
新北市,832,201107
宜蘭縣,785,201107
新竹市,810,201107
新竹縣,798,201107
桃園市,796,201107
苗栗縣,822,201107
臺中市,795,201107
彰化縣,772,201107
南投縣,803,201107
嘉義市,795,201107
嘉義縣,810,201107
雲林縣,813,201107
臺南市,786,201107
高雄市,794,201107
澎湖縣,815,201107
屏東縣,777,201107
臺東縣,841,201107
花蓮縣,824,201107
金門縣,848,201107
連江縣,832,201107
臺北市,885,201108
基隆市,875,201108
新北市,850,201108
宜蘭縣,783,201108
新竹市,805,201108
新竹縣,809,201108
桃園市,801,201108
苗栗縣,827,201108
臺中市,809,201108
彰化縣,784,201108
南投縣,813,201108
嘉義市,792,201108
嘉義縣,813,201108
雲林縣,823,201108
臺南市,785,201108
高雄市,803,201108
澎湖縣,821,201108
屏東縣,790,201108
臺東縣,854,201108
花蓮縣,837,201108
金門縣,852,201108
連江縣,842,201108
臺北市,885,201109
基隆市,882,201109
新北市,848,201109
宜蘭縣,773,201109
新竹市,810,201109
新竹縣,805,201109
桃園市,805,201109
苗栗縣,834,201109
臺中市,809,201109
彰化縣,788,201109
南投縣,801,201109
嘉義市,794,201109
嘉義縣,810,201109
雲林縣,820,201109
臺南市,793,201109
高雄市,804,201109
澎湖縣,818,201109
屏東縣,784,201109
臺東縣,854,201109
花蓮縣,837,201109
金門縣,821,201109
連江縣,842,201109
臺北市,906,201110
基隆市,878,201110
新北市,848,201110
宜蘭縣,787,201110
新竹市,830,201110
新竹縣,810,201110
桃園市,805,201110
苗栗縣,832,201110
臺中市,806,201110
彰化縣,780,201110
南投縣,814,201110
嘉義市,798,201110
嘉義縣,815,201110
雲林縣,820,201110
臺南市,792,201110
高雄市,802,201110
澎湖縣,816,201110
屏東縣,792,201110
臺東縣,849,201110
花蓮縣,837,201110
金門縣,820,201110
連江縣,842,201110
臺北市,894,201111
基隆市,888,201111
新北市,847,201111
宜蘭縣,787,201111
新竹市,795,201111
新竹縣,802,201111
桃園市,806,201111
苗栗縣,833,201111
臺中市,810,201111
彰化縣,783,201111
南投縣,817,201111
嘉義市,793,201111
嘉義縣,811,201111
雲林縣,825,201111
臺南市,788,201111
高雄市,801,201111
澎湖縣,820,201111
屏東縣,790,201111
臺東縣,854,201111
花蓮縣,841,201111
金門縣,820,201111
連江縣,842,201111
臺北市,902,201112
基隆市,875,201112
新北市,843,201112
宜蘭縣,781,201112
新竹市,818,201112
新竹縣,818,201112
桃園市,802,201112
苗栗縣,838,201112
臺中市,808,201112
彰化縣,786,201112
南投縣,808,201112
嘉義市,799,201112
嘉義縣,811,201112
雲林縣,818,201112
臺南市,794,201112
高雄市,805,201112
澎湖縣,818,201112
屏東縣,786,201112
臺東縣,848,201112
花蓮縣,838,201112
金門縣,820,201112
連江縣,842,201112
臺北市,903,201201
基隆市,877,201201
新北市,847,201201
宜蘭縣,786,201201
新竹市,822,201201
新竹縣,815,201201
桃園市,802,201201
苗栗縣,833,201201
臺中市,807,201201
彰化縣,786,201201
南投縣,812,201201
嘉義市,796,201201
嘉義縣,817,201201
雲林縣,822,201201
臺南市,793,201201
高雄市,803,201201
澎湖縣,815,201201
屏東縣,794,201201
臺東縣,847,201201
花蓮縣,846,201201
金門縣,821,201201
連江縣,842,201201
臺北市,922,201202
基隆市,936,201202
新北市,884,201202
宜蘭縣,819,201202
新竹市,830,201202
新竹縣,843,201202
桃園市,834,201202
苗栗縣,861,201202
臺中市,855,201202
彰化縣,820,201202
南投縣,852,201202
嘉義市,827,201202
嘉義縣,844,201202
雲林縣,852,201202
臺南市,824,201202
高雄市,837,201202
澎湖縣,866,201202
屏東縣,823,201202
臺東縣,887,201202
花蓮縣,872,201202
金門縣,856,201202
連江縣,878,201202
臺北市,961,201203
基隆市,950,201203
新北市,918,201203
宜蘭縣,863,201203
新竹市,882,201203
新竹縣,887,201203
桃園市,877,201203
苗栗縣,905,201203
臺中市,888,201203
彰化縣,861,201203
南投縣,884,201203
嘉義市,868,201203
嘉義縣,882,201203
雲林縣,891,201203
臺南市,868,201203
高雄市,876,201203
澎湖縣,905,201203
屏東縣,864,201203
臺東縣,918,201203
花蓮縣,910,201203
金門縣,895,201203
連江縣,918,201203
臺北市,943,201204
基隆市,920,201204
新北市,878,201204
宜蘭縣,830,201204
新竹市,845,201204
新竹縣,844,201204
桃園市,843,201204
苗栗縣,862,201204
臺中市,852,201204
彰化縣,812,201204
南投縣,849,201204
嘉義市,831,201204
嘉義縣,844,201204
雲林縣,851,201204
臺南市,830,201204
高雄市,833,201204
澎湖縣,866,201204
屏東縣,827,201204
臺東縣,887,201204
花蓮縣,875,201204
金門縣,857,201204
連江縣,878,201204
臺北市,896,201205
基隆市,890,201205
新北市,857,201205
宜蘭縣,790,201205
新竹市,800,201205
新竹縣,810,201205
桃園市,809,201205
苗栗縣,837,201205
臺中市,821,201205
彰化縣,788,201205
南投縣,821,201205
嘉義市,795,201205
嘉義縣,810,201205
雲林縣,822,201205
臺南市,797,201205
高雄市,804,201205
澎湖縣,842,201205
屏東縣,801,201205
臺東縣,865,201205
花蓮縣,840,201205
金門縣,827,201205
連江縣,848,201205
臺北市,871,201206
基隆市,858,201206
新北市,819,201206
宜蘭縣,769,201206
新竹市,785,201206
新竹縣,781,201206
桃園市,773,201206
苗栗縣,812,201206
臺中市,791,201206
彰化縣,762,201206
南投縣,790,201206
嘉義市,767,201206
嘉義縣,780,201206
雲林縣,791,201206
臺南市,772,201206
高雄市,780,201206
澎湖縣,805,201206
屏東縣,763,201206
臺東縣,832,201206
花蓮縣,819,201206
金門縣,798,201206
連江縣,818,201206
臺北市,849,201207
基隆市,821,201207
新北市,790,201207
宜蘭縣,743,201207
新竹市,762,201207
新竹縣,764,201207
桃園市,746,201207
苗栗縣,781,201207
臺中市,763,201207
彰化縣,726,201207
南投縣,756,201207
嘉義市,738,201207
嘉義縣,755,201207
雲林縣,760,201207
臺南市,740,201207
高雄市,748,201207
澎湖縣,775,201207
屏東縣,736,201207
臺東縣,800,201207
花蓮縣,779,201207
金門縣,770,201207
連江縣,788,201207
臺北市,887,201208
基隆市,892,201208
新北市,847,201208
宜蘭縣,796,201208
新竹市,788,201208
新竹縣,798,201208
桃園市,804,201208
苗栗縣,817,201208
臺中市,816,201208
彰化縣,780,201208
南投縣,801,201208
嘉義市,786,201208
嘉義縣,800,201208
雲林縣,810,201208
臺南市,787,201208
高雄市,797,201208
澎湖縣,828,201208
屏東縣,787,201208
臺東縣,860,201208
花蓮縣,837,201208
金門縣,818,201208
連江縣,838,201208
臺北市,938,201209
基隆市,918,201209
新北市,888,201209
宜蘭縣,843,201209
新竹市,860,201209
新竹縣,856,201209
桃園市,851,201209
苗栗縣,872,201209
臺中市,860,201209
彰化縣,830,201209
南投縣,856,201209
嘉義市,836,201209
嘉義縣,849,201209
雲林縣,860,201209
臺南市,839,201209
高雄市,846,201209
澎湖縣,878,201209
屏東縣,834,201209
臺東縣,908,201209
花蓮縣,898,201209
金門縣,868,201209
連江縣,888,201209
臺北市,948,201210
基隆市,916,201210
新北市,893,201210
宜蘭縣,842,201210
新竹市,855,201210
新竹縣,861,201210
桃園市,849,201210
苗栗縣,872,201210
臺中市,858,201210
彰化縣,826,201210
南投縣,854,201210
嘉義市,835,201210
嘉義縣,861,201210
雲林縣,860,201210
臺南市,846,201210
高雄市,844,201210
澎湖縣,876,201210
屏東縣,842,201210
臺東縣,902,201210
花蓮縣,887,201210
金門縣,867,201210
連江縣,888,201210
臺北市,932,201211
基隆市,925,201211
新北市,898,201211
宜蘭縣,838,201211
新竹市,835,201211
新竹縣,856,201211
桃園市,851,201211
苗栗縣,870,201211
臺中市,862,201211
彰化縣,833,201211
南投縣,863,201211
嘉義市,834,201211
嘉義縣,851,201211
雲林縣,862,201211
臺南市,837,201211
高雄市,846,201211
澎湖縣,881,201211
屏東縣,839,201211
臺東縣,918,201211
花蓮縣,892,201211
金門縣,867,201211
連江縣,888,201211
臺北市,940,201212
基隆市,938,201212
新北市,893,201212
宜蘭縣,844,201212
新竹市,862,201212
新竹縣,856,201212
桃園市,844,201212
苗栗縣,869,201212
臺中市,859,201212
彰化縣,829,201212
南投縣,859,201212
嘉義市,836,201212
嘉義縣,850,201212
雲林縣,859,201212
臺南市,841,201212
高雄市,844,201212
澎湖縣,878,201212
屏東縣,839,201212
臺東縣,900,201212
花蓮縣,897,201212
金門縣,868,201212
連江縣,888,201212
臺北市,943,201301
基隆市,917,201301
新北市,893,201301
宜蘭縣,842,201301
新竹市,860,201301
新竹縣,856,201301
桃園市,845,201301
苗栗縣,872,201301
臺中市,857,201301
彰化縣,826,201301
南投縣,858,201301
嘉義市,834,201301
嘉義縣,853,201301
雲林縣,858,201301
臺南市,844,201301
高雄市,845,201301
澎湖縣,877,201301
屏東縣,839,201301
臺東縣,902,201301
花蓮縣,887,201301
金門縣,868,201301
連江縣,888,201301
臺北市,932,201302
基隆市,925,201302
新北市,895,201302
宜蘭縣,836,201302
新竹市,840,201302
新竹縣,854,201302
桃園市,852,201302
苗栗縣,874,201302
臺中市,859,201302
彰化縣,829,201302
南投縣,860,201302
嘉義市,835,201302
嘉義縣,848,201302
雲林縣,862,201302
臺南市,839,201302
高雄市,846,201302
澎湖縣,881,201302
屏東縣,840,201302
臺東縣,905,201302
花蓮縣,891,201302
金門縣,868,201302
連江縣,888,201302
臺北市,944,201303
基隆市,932,201303
新北市,889,201303
宜蘭縣,836,201303
新竹市,862,201303
新竹縣,861,201303
桃園市,846,201303
苗栗縣,874,201303
臺中市,863,201303
彰化縣,831,201303
南投縣,859,201303
嘉義市,837,201303
嘉義縣,847,201303
雲林縣,859,201303
臺南市,840,201303
高雄市,848,201303
澎湖縣,878,201303
屏東縣,836,201303
臺東縣,902,201303
花蓮縣,894,201303
金門縣,868,201303
連江縣,888,201303
臺北市,944,201304
基隆市,910,201304
新北市,889,201304
宜蘭縣,835,201304
新竹市,850,201304
新竹縣,861,201304
桃園市,846,201304
苗栗縣,873,201304
臺中市,856,201304
彰化縣,826,201304
南投縣,856,201304
嘉義市,836,201304
嘉義縣,859,201304
雲林縣,860,201304
臺南市,843,201304
高雄市,844,201304
澎湖縣,878,201304
屏東縣,840,201304
臺東縣,903,201304
花蓮縣,887,201304
金門縣,868,201304
連江縣,888,201304
臺北市,937,201305
基隆市,944,201305
新北市,898,201305
宜蘭縣,834,201305
新竹市,842,201305
新竹縣,861,201305
桃園市,843,201305
苗栗縣,877,201305
臺中市,862,201305
彰化縣,830,201305
南投縣,861,201305
嘉義市,833,201305
嘉義縣,853,201305
雲林縣,860,201305
臺南市,838,201305
高雄市,844,201305
澎湖縣,882,201305
屏東縣,835,201305
臺東縣,906,201305
花蓮縣,888,201305
金門縣,868,201305
連江縣,888,201305
臺北市,947,201306
基隆市,940,201306
新北市,899,201306
宜蘭縣,851,201306
新竹市,872,201306
新竹縣,856,201306
桃園市,861,201306
苗栗縣,882,201306
臺中市,865,201306
彰化縣,840,201306
南投縣,866,201306
嘉義市,841,201306
嘉義縣,854,201306
雲林縣,864,201306
臺南市,850,201306
高雄市,855,201306
澎湖縣,883,201306
屏東縣,848,201306
臺東縣,912,201306
花蓮縣,899,201306
金門縣,868,201306
連江縣,895,201306
臺北市,978,201307
基隆市,952,201307
新北市,922,201307
宜蘭縣,866,201307
新竹市,890,201307
新竹縣,884,201307
桃園市,872,201307
苗栗縣,898,201307
臺中市,885,201307
彰化縣,855,201307
南投縣,881,201307
嘉義市,859,201307
嘉義縣,880,201307
雲林縣,881,201307
臺南市,870,201307
高雄市,872,201307
澎湖縣,900,201307
屏東縣,871,201307
臺東縣,933,201307
花蓮縣,905,201307
金門縣,887,201307
連江縣,915,201307
臺北市,976,201308
基隆市,971,201308
新北市,940,201308
宜蘭縣,876,201308
新竹市,884,201308
新竹縣,897,201308
桃園市,890,201308
苗栗縣,910,201308
臺中市,905,201308
彰化縣,871,201308
南投縣,896,201308
嘉義市,875,201308
嘉義縣,890,201308
雲林縣,895,201308
臺南市,880,201308
高雄市,886,201308
澎湖縣,915,201308
屏東縣,877,201308
臺東縣,951,201308
花蓮縣,927,201308
金門縣,898,201308
連江縣,928,201308
臺北市,1012,201309
基隆市,992,201309
新北市,965,201309
宜蘭縣,904,201309
新竹市,920,201309
新竹縣,915,201309
桃園市,915,201309
苗栗縣,940,201309
臺中市,927,201309
彰化縣,899,201309
南投縣,928,201309
嘉義市,903,201309
嘉義縣,916,201309
雲林縣,924,201309
臺南市,913,201309
高雄市,916,201309
澎湖縣,937,201309
屏東縣,905,201309
臺東縣,977,201309
花蓮縣,956,201309
金門縣,928,201309
連江縣,958,201309
臺北市,1009,201310
基隆市,990,201310
新北市,949,201310
宜蘭縣,906,201310
新竹市,898,201310
新竹縣,919,201310
桃園市,908,201310
苗栗縣,929,201310
臺中市,915,201310
彰化縣,887,201310
南投縣,908,201310
嘉義市,892,201310
嘉義縣,908,201310
雲林縣,914,201310
臺南市,903,201310
高雄市,904,201310
澎湖縣,930,201310
屏東縣,896,201310
臺東縣,952,201310
花蓮縣,945,201310
金門縣,919,201310
連江縣,948,201310
臺北市,1020,201311
基隆市,991,201311
新北市,973,201311
宜蘭縣,915,201311
新竹市,930,201311
新竹縣,926,201311
桃園市,929,201311
苗栗縣,950,201311
臺中市,937,201311
彰化縣,908,201311
南投縣,940,201311
嘉義市,916,201311
嘉義縣,928,201311
雲林縣,933,201311
臺南市,919,201311
高雄市,923,201311
澎湖縣,953,201311
屏東縣,910,201311
臺東縣,979,201311
花蓮縣,960,201311
金門縣,940,201311
連江縣,968,201311
臺北市,1028,201312
基隆市,1002,201312
新北市,990,201312
宜蘭縣,938,201312
新竹市,960,201312
新竹縣,945,201312
桃園市,948,201312
苗栗縣,969,201312
臺中市,956,201312
彰化縣,931,201312
南投縣,952,201312
嘉義市,926,201312
嘉義縣,931,201312
雲林縣,957,201312
臺南市,942,201312
高雄市,943,201312
澎湖縣,974,201312
屏東縣,932,201312
臺東縣,1003,201312
花蓮縣,992,201312
金門縣,959,201312
連江縣,988,201312
臺北市,973,201401
基隆市,934,201401
新北市,919,201401
宜蘭縣,862,201401
新竹市,882,201401
新竹縣,882,201401
桃園市,880,201401
苗栗縣,901,201401
臺中市,885,201401
彰化縣,858,201401
南投縣,880,201401
嘉義市,865,201401
嘉義縣,878,201401
雲林縣,884,201401
臺南市,876,201401
高雄市,876,201401
澎湖縣,893,201401
屏東縣,863,201401
臺東縣,930,201401
花蓮縣,922,201401
金門縣,889,201401
連江縣,918,201401
臺北市,963,201402
基隆市,946,201402
新北市,928,201402
宜蘭縣,865,201402
新竹市,872,201402
新竹縣,885,201402
桃園市,875,201402
苗栗縣,906,201402
臺中市,889,201402
彰化縣,864,201402
南投縣,890,201402
嘉義市,862,201402
嘉義縣,876,201402
雲林縣,884,201402
臺南市,873,201402
高雄市,876,201402
澎湖縣,893,201402
屏東縣,863,201402
臺東縣,932,201402
花蓮縣,914,201402
金門縣,888,201402
連江縣,918,201402
臺北市,944,201403
基隆市,938,201403
新北市,905,201403
宜蘭縣,844,201403
新竹市,875,201403
新竹縣,861,201403
桃園市,860,201403
苗栗縣,881,201403
臺中市,870,201403
彰化縣,845,201403
南投縣,871,201403
嘉義市,844,201403
嘉義縣,851,201403
雲林縣,865,201403
臺南市,853,201403
高雄市,854,201403
澎湖縣,873,201403
屏東縣,844,201403
臺東縣,915,201403
花蓮縣,897,201403
金門縣,868,201403
連江縣,898,201403
臺北市,962,201404
基隆市,930,201404
新北市,902,201404
宜蘭縣,848,201404
新竹市,868,201404
新竹縣,862,201404
桃園市,856,201404
苗栗縣,879,201404
臺中市,865,201404
彰化縣,840,201404
南投縣,864,201404
嘉義市,839,201404
嘉義縣,855,201404
雲林縣,864,201404
臺南市,855,201404
高雄市,853,201404
澎湖縣,872,201404
屏東縣,847,201404
臺東縣,914,201404
花蓮縣,892,201404
金門縣,869,201404
連江縣,898,201404
臺北市,986,201405
基隆市,962,201405
新北市,944,201405
宜蘭縣,886,201405
新竹市,882,201405
新竹縣,909,201405
桃園市,901,201405
苗栗縣,918,201405
臺中市,908,201405
彰化縣,880,201405
南投縣,906,201405
嘉義市,877,201405
嘉義縣,893,201405
雲林縣,901,201405
臺南市,893,201405
高雄市,893,201405
澎湖縣,908,201405
屏東縣,884,201405
臺東縣,957,201405
花蓮縣,935,201405
金門縣,908,201405
連江縣,932,201405
臺北市,983,201406
基隆市,978,201406
新北市,944,201406
宜蘭縣,890,201406
新竹市,895,201406
新竹縣,894,201406
桃園市,898,201406
苗栗縣,920,201406
臺中市,906,201406
彰化縣,881,201406
南投縣,905,201406
嘉義市,882,201406
嘉義縣,888,201406
雲林縣,901,201406
臺南市,893,201406
高雄市,894,201406
澎湖縣,908,201406
屏東縣,878,201406
臺東縣,963,201406
花蓮縣,942,201406
金門縣,908,201406
連江縣,932,201406
臺北市,1010,201407
基隆市,964,201407
新北市,948,201407
宜蘭縣,896,201407
新竹市,907,201407
新竹縣,919,201407
桃園市,904,201407
苗栗縣,925,201407
臺中市,914,201407
彰化縣,891,201407
南投縣,913,201407
嘉義市,889,201407
嘉義縣,906,201407
雲林縣,910,201407
臺南市,902,201407
高雄市,903,201407
澎湖縣,922,201407
屏東縣,894,201407
臺東縣,963,201407
花蓮縣,949,201407
金門縣,918,201407
連江縣,942,201407
臺北市,1003,201408
基隆市,961,201408
新北市,960,201408
宜蘭縣,897,201408
新竹市,897,201408
新竹縣,918,201408
桃園市,905,201408
苗栗縣,928,201408
臺中市,916,201408
彰化縣,893,201408
南投縣,916,201408
嘉義市,886,201408
嘉義縣,901,201408
雲林縣,909,201408
臺南市,902,201408
高雄市,904,201408
澎湖縣,910,201408
屏東縣,890,201408
臺東縣,961,201408
花蓮縣,945,201408
金門縣,918,201408
連江縣,942,201408
臺北市,1002,201409
基隆市,988,201409
新北市,948,201409
宜蘭縣,891,201409
新竹市,902,201409
新竹縣,909,201409
桃園市,909,201409
苗栗縣,929,201409
臺中市,920,201409
彰化縣,890,201409
南投縣,916,201409
嘉義市,890,201409
嘉義縣,899,201409
雲林縣,907,201409
臺南市,902,201409
高雄市,906,201409
澎湖縣,911,201409
屏東縣,891,201409
臺東縣,963,201409
花蓮縣,954,201409
金門縣,918,201409
連江縣,942,201409
臺北市,1006,201410
基隆市,969,201410
新北市,951,201410
宜蘭縣,899,201410
新竹市,913,201410
新竹縣,918,201410
桃園市,906,201410
苗栗縣,925,201410
臺中市,913,201410
彰化縣,888,201410
南投縣,909,201410
嘉義市,887,201410
嘉義縣,904,201410
雲林縣,912,201410
臺南市,902,201410
高雄市,902,201410
澎湖縣,912,201410
屏東縣,892,201410
臺東縣,963,201410
花蓮縣,946,201410
金門縣,918,201410
連江縣,942,201410
臺北市,946,201411
基隆市,920,201411
新北市,908,201411
宜蘭縣,843,201411
新竹市,863,201411
新竹縣,869,201411
桃園市,857,201411
苗栗縣,878,201411
臺中市,873,201411
彰化縣,842,201411
南投縣,870,201411
嘉義市,838,201411
嘉義縣,846,201411
雲林縣,857,201411
臺南市,855,201411
高雄市,851,201411
澎湖縣,864,201411
屏東縣,843,201411
臺東縣,914,201411
花蓮縣,900,201411
金門縣,868,201411
連江縣,892,201411
臺北市,919,201412
基隆市,912,201412
新北市,875,201412
宜蘭縣,815,201412
新竹市,832,201412
新竹縣,826,201412
桃園市,826,201412
苗栗縣,852,201412
臺中市,837,201412
彰化縣,811,201412
南投縣,832,201412
嘉義市,810,201412
嘉義縣,810,201412
雲林縣,831,201412
臺南市,825,201412
高雄市,825,201412
澎湖縣,837,201412
屏東縣,815,201412
臺東縣,888,201412
花蓮縣,871,201412
金門縣,838,201412
連江縣,862,201412
臺北市,836,201501
基隆市,817,201501
新北市,782,201501
宜蘭縣,726,201501
新竹市,744,201501
新竹縣,738,201501
桃園市,739,201501
苗栗縣,760,201501
臺中市,748,201501
彰化縣,724,201501
南投縣,735,201501
嘉義市,722,201501
嘉義縣,727,201501
雲林縣,736,201501
臺南市,734,201501
高雄市,733,201501
澎湖縣,753,201501
屏東縣,720,201501
臺東縣,770,201501
花蓮縣,776,201501
金門縣,748,201501
連江縣,772,201501
臺北市,856,201502
基隆市,831,201502
新北市,803,201502
宜蘭縣,743,201502
新竹市,767,201502
新竹縣,772,201502
桃園市,751,201502
苗栗縣,778,201502
臺中市,763,201502
彰化縣,739,201502
南投縣,750,201502
嘉義市,735,201502
嘉義縣,740,201502
雲林縣,758,201502
臺南市,755,201502
高雄市,752,201502
澎湖縣,773,201502
屏東縣,739,201502
臺東縣,788,201502
花蓮縣,797,201502
金門縣,768,201502
連江縣,792,201502
臺北市,885,201503
基隆市,874,201503
新北市,834,201503
宜蘭縣,774,201503
新竹市,798,201503
新竹縣,796,201503
桃園市,788,201503
苗栗縣,808,201503
臺中市,793,201503
彰化縣,773,201503
南投縣,783,201503
嘉義市,768,201503
嘉義縣,776,201503
雲林縣,786,201503
臺南市,785,201503
高雄市,781,201503
澎湖縣,803,201503
屏東縣,766,201503
臺東縣,820,201503
花蓮縣,824,201503
金門縣,800,201503
連江縣,820,201503
臺北市,877,201504
基隆市,860,201504
新北市,825,201504
宜蘭縣,760,201504
新竹市,779,201504
新竹縣,781,201504
桃園市,770,201504
苗栗縣,796,201504
臺中市,783,201504
彰化縣,762,201504
南投縣,772,201504
嘉義市,761,201504
嘉義縣,761,201504
雲林縣,776,201504
臺南市,773,201504
高雄市,772,201504
澎湖縣,793,201504
屏東縣,758,201504
臺東縣,809,201504
花蓮縣,818,201504
金門縣,790,201504
連江縣,810,201504
臺北市,863,201505
基隆市,843,201505
新北市,815,201505
宜蘭縣,754,201505
新竹市,770,201505
新竹縣,778,201505
桃園市,766,201505
苗栗縣,787,201505
臺中市,776,201505
彰化縣,749,201505
南投縣,760,201505
嘉義市,746,201505
嘉義縣,750,201505
雲林縣,766,201505
臺南市,763,201505
高雄市,764,201505
澎湖縣,782,201505
屏東縣,746,201505
臺東縣,796,201505
花蓮縣,808,201505
金門縣,780,201505
連江縣,800,201505
臺北市,829,201506
基隆市,824,201506
新北市,785,201506
宜蘭縣,726,201506
新竹市,746,201506
新竹縣,744,201506
桃園市,736,201506
苗栗縣,760,201506
臺中市,745,201506
彰化縣,722,201506
南投縣,733,201506
嘉義市,711,201506
嘉義縣,726,201506
雲林縣,736,201506
臺南市,738,201506
高雄市,735,201506
澎湖縣,760,201506
屏東縣,720,201506
臺東縣,766,201506
花蓮縣,782,201506
金門縣,757,201506
連江縣,770,201506
臺北市,832,201507
基隆市,818,201507
新北市,785,201507
宜蘭縣,726,201507
新竹市,752,201507
新竹縣,740,201507
桃園市,736,201507
苗栗縣,758,201507
臺中市,748,201507
彰化縣,720,201507
南投縣,730,201507
嘉義市,716,201507
嘉義縣,723,201507
雲林縣,736,201507
臺南市,735,201507
高雄市,735,201507
澎湖縣,759,201507
屏東縣,719,201507
臺東縣,766,201507
花蓮縣,781,201507
金門縣,760,201507
連江縣,770,201507
臺北市,833,201508
基隆市,805,201508
新北市,779,201508
宜蘭縣,715,201508
新竹市,758,201508
新竹縣,737,201508
桃園市,728,201508
苗栗縣,747,201508
臺中市,736,201508
彰化縣,714,201508
南投縣,722,201508
嘉義市,706,201508
嘉義縣,711,201508
雲林縣,726,201508
臺南市,728,201508
高雄市,726,201508
澎湖縣,759,201508
屏東縣,711,201508
臺東縣,764,201508
花蓮縣,769,201508
金門縣,752,201508
連江縣,760,201508
臺北市,780,201509
基隆市,753,201509
新北市,724,201509
宜蘭縣,656,201509
新竹市,687,201509
新竹縣,670,201509
桃園市,673,201509
苗栗縣,690,201509
臺中市,675,201509
彰化縣,654,201509
南投縣,668,201509
嘉義市,654,201509
嘉義縣,655,201509
雲林縣,669,201509
臺南市,671,201509
高雄市,669,201509
澎湖縣,702,201509
屏東縣,657,201509
臺東縣,706,201509
花蓮縣,716,201509
金門縣,708,201509
連江縣,700,201509
臺北市,798,201510
基隆市,775,201510
新北市,743,201510
宜蘭縣,686,201510
新竹市,722,201510
新竹縣,696,201510
桃園市,697,201510
苗栗縣,717,201510
臺中市,702,201510
彰化縣,680,201510
南投縣,695,201510
嘉義市,677,201510
嘉義縣,674,201510
雲林縣,692,201510
臺南市,702,201510
高雄市,691,201510
澎湖縣,722,201510
屏東縣,679,201510
臺東縣,720,201510
花蓮縣,739,201510
金門縣,728,201510
連江縣,725,201510
臺北市,837,201511
基隆市,804,201511
新北市,779,201511
宜蘭縣,717,201511
新竹市,758,201511
新竹縣,742,201511
桃園市,732,201511
苗栗縣,751,201511
臺中市,739,201511
彰化縣,710,201511
南投縣,728,201511
嘉義市,703,201511
嘉義縣,713,201511
雲林縣,724,201511
臺南市,734,201511
高雄市,728,201511
澎湖縣,762,201511
屏東縣,718,201511
臺東縣,770,201511
花蓮縣,773,201511
金門縣,760,201511
連江縣,760,201511
臺北市,878,201512
基隆市,838,201512
新北市,817,201512
宜蘭縣,755,201512
新竹市,783,201512
新竹縣,773,201512
桃園市,762,201512
苗栗縣,787,201512
臺中市,775,201512
彰化縣,748,201512
南投縣,764,201512
嘉義市,737,201512
嘉義縣,744,201512
雲林縣,757,201512
臺南市,769,201512
高雄市,764,201512
澎湖縣,802,201512
屏東縣,753,201512
臺東縣,801,201512
花蓮縣,805,201512
金門縣,790,201512
連江縣,795,201512
臺北市,798,201601
基隆市,770,201601
新北市,743,201601
宜蘭縣,684,201601
新竹市,708,201601
新竹縣,699,201601
桃園市,685,201601
苗栗縣,712,201601
臺中市,698,201601
彰化縣,671,201601
南投縣,688,201601
嘉義市,661,201601
嘉義縣,667,201601
雲林縣,679,201601
臺南市,693,201601
高雄市,687,201601
澎湖縣,722,201601
屏東縣,675,201601
臺東縣,726,201601
花蓮縣,729,201601
金門縣,720,201601
連江縣,720,201601
臺北市,739,201602
基隆市,708,201602
新北市,684,201602
宜蘭縣,619,201602
新竹市,646,201602
新竹縣,633,201602
桃園市,628,201602
苗栗縣,655,201602
臺中市,639,201602
彰化縣,609,201602
南投縣,628,201602
嘉義市,607,201602
嘉義縣,607,201602
雲林縣,619,201602
臺南市,636,201602
高雄市,629,201602
澎湖縣,662,201602
屏東縣,620,201602
臺東縣,667,201602
花蓮縣,660,201602
金門縣,668,201602
連江縣,660,201602
臺北市,730,201603
基隆市,699,201603
新北市,676,201603
宜蘭縣,609,201603
新竹市,640,201603
新竹縣,627,201603
桃園市,624,201603
苗栗縣,646,201603
臺中市,631,201603
彰化縣,600,201603
南投縣,619,201603
嘉義市,594,201603
嘉義縣,600,201603
雲林縣,608,201603
臺南市,630,201603
高雄市,623,201603
澎湖縣,664,201603
屏東縣,611,201603
臺東縣,664,201603
花蓮縣,672,201603
金門縣,668,201603
連江縣,655,201603
臺北市,736,201604
基隆市,705,201604
新北市,685,201604
宜蘭縣,620,201604
新竹市,642,201604
新竹縣,641,201604
桃園市,633,201604
苗栗縣,652,201604
臺中市,639,201604
彰化縣,608,201604
南投縣,629,201604
嘉義市,597,201604
嘉義縣,608,201604
雲林縣,621,201604
臺南市,637,201604
高雄市,632,201604
澎湖縣,671,201604
屏東縣,621,201604
臺東縣,667,201604
花蓮縣,682,201604
金門縣,678,201604
連江縣,665,201604
臺北市,753,201605
基隆市,719,201605
新北市,692,201605
宜蘭縣,628,201605
新竹市,660,201605
新竹縣,648,201605
桃園市,643,201605
苗栗縣,659,201605
臺中市,649,201605
彰化縣,619,201605
南投縣,640,201605
嘉義市,606,201605
嘉義縣,616,201605
雲林縣,627,201605
臺南市,646,201605
高雄市,638,201605
澎湖縣,681,201605
屏東縣,628,201605
臺東縣,679,201605
花蓮縣,688,201605
金門縣,685,201605
連江縣,672,201605
臺北市,750,201606
基隆市,719,201606
新北市,690,201606
宜蘭縣,629,201606
新竹市,667,201606
新竹縣,642,201606
桃園市,638,201606
苗栗縣,658,201606
臺中市,648,201606
彰化縣,620,201606
南投縣,637,201606
嘉義市,616,201606
嘉義縣,610,201606
雲林縣,627,201606
臺南市,649,201606
高雄市,638,201606
澎湖縣,681,201606
屏東縣,630,201606
臺東縣,675,201606
花蓮縣,683,201606
金門縣,683,201606
連江縣,672,201606
臺北市,715,201607
基隆市,673,201607
新北市,652,201607
宜蘭縣,587,201607
新竹市,623,201607
新竹縣,607,201607
桃園市,599,201607
苗栗縣,620,201607
臺中市,609,201607
彰化縣,580,201607
南投縣,602,201607
嘉義市,574,201607
嘉義縣,577,201607
雲林縣,587,201607
臺南市,609,201607
高雄市,600,201607
澎湖縣,642,201607
屏東縣,591,201607
臺東縣,645,201607
花蓮縣,640,201607
金門縣,650,201607
連江縣,632,201607
臺北市,696,201608
基隆市,670,201608
新北市,642,201608
宜蘭縣,573,201608
新竹市,611,201608
新竹縣,598,201608
桃園市,587,201608
苗栗縣,605,201608
臺中市,592,201608
彰化縣,562,201608
南投縣,584,201608
嘉義市,552,201608
嘉義縣,559,201608
雲林縣,571,201608
臺南市,595,201608
高雄市,588,201608
澎湖縣,636,201608
屏東縣,575,201608
臺東縣,629,201608
花蓮縣,633,201608
金門縣,640,201608
連江縣,620,201608
臺北市,711,201609
基隆市,681,201609
新北市,651,201609
宜蘭縣,584,201609
新竹市,626,201609
新竹縣,602,201609
桃園市,592,201609
苗栗縣,612,201609
臺中市,606,201609
彰化縣,577,201609
南投縣,590,201609
嘉義市,563,201609
嘉義縣,569,201609
雲林縣,580,201609
臺南市,604,201609
高雄市,597,201609
澎湖縣,646,201609
屏東縣,585,201609
臺東縣,641,201609
花蓮縣,635,201609
金門縣,648,201609
連江縣,622,201609
臺北市,751,201610
基隆市,718,201610
新北市,692,201610
宜蘭縣,622,201610
新竹市,668,201610
新竹縣,647,201610
桃園市,636,201610
苗栗縣,656,201610
臺中市,646,201610
彰化縣,614,201610
南投縣,632,201610
嘉義市,603,201610
嘉義縣,607,201610
雲林縣,620,201610
臺南市,644,201610
高雄市,635,201610
澎湖縣,687,201610
屏東縣,627,201610
臺東縣,678,201610
花蓮縣,681,201610
金門縣,688,201610
連江縣,662,201610
臺北市,769,201611
基隆市,738,201611
新北市,709,201611
宜蘭縣,641,201611
新竹市,688,201611
新竹縣,663,201611
桃園市,655,201611
苗栗縣,676,201611
臺中市,666,201611
彰化縣,630,201611
南投縣,650,201611
嘉義市,629,201611
嘉義縣,627,201611
雲林縣,641,201611
臺南市,664,201611
高雄市,655,201611
澎湖縣,706,201611
屏東縣,645,201611
臺東縣,701,201611
花蓮縣,697,201611
金門縣,710,201611
連江縣,682,201611
臺北市,768,201612
基隆市,743,201612
新北市,707,201612
宜蘭縣,645,201612
新竹市,688,201612
新竹縣,664,201612
桃園市,657,201612
苗栗縣,671,201612
臺中市,664,201612
彰化縣,630,201612
南投縣,651,201612
嘉義市,631,201612
嘉義縣,628,201612
雲林縣,639,201612
臺南市,666,201612
高雄市,656,201612
澎湖縣,706,201612
屏東縣,644,201612
臺東縣,698,201612
花蓮縣,702,201612
金門縣,710,201612
連江縣,682,201612
臺北市,786,201701
基隆市,751,201701
新北市,728,201701
宜蘭縣,662,201701
新竹市,708,201701
新竹縣,681,201701
桃園市,678,201701
苗栗縣,694,201701
臺中市,689,201701
彰化縣,651,201701
南投縣,667,201701
嘉義市,649,201701
嘉義縣,648,201701
雲林縣,660,201701
臺南市,688,201701
高雄市,676,201701
澎湖縣,726,201701
屏東縣,664,201701
臺東縣,718,201701
花蓮縣,721,201701
金門縣,727,201701
連江縣,702,201701
臺北市,784,201702
基隆市,760,201702
新北市,731,201702
宜蘭縣,662,201702
新竹市,702,201702
新竹縣,684,201702
桃園市,675,201702
苗栗縣,695,201702
臺中市,685,201702
彰化縣,651,201702
南投縣,665,201702
嘉義市,648,201702
嘉義縣,646,201702
雲林縣,658,201702
臺南市,686,201702
高雄市,678,201702
澎湖縣,726,201702
屏東縣,664,201702
臺東縣,720,201702
花蓮縣,717,201702
金門縣,730,201702
連江縣,702,201702
臺北市,792,201703
基隆市,755,201703
新北市,729,201703
宜蘭縣,664,201703
新竹市,696,201703
新竹縣,684,201703
桃園市,673,201703
苗栗縣,693,201703
臺中市,686,201703
彰化縣,653,201703
南投縣,665,201703
嘉義市,646,201703
嘉義縣,647,201703
雲林縣,658,201703
臺南市,685,201703
高雄市,680,201703
澎湖縣,726,201703
屏東縣,665,201703
臺東縣,716,201703
花蓮縣,719,201703
金門縣,730,201703
連江縣,702,201703
臺北市,788,201704
基隆市,751,201704
新北市,729,201704
宜蘭縣,663,201704
新竹市,696,201704
新竹縣,681,201704
桃園市,676,201704
苗栗縣,690,201704
臺中市,685,201704
彰化縣,653,201704
南投縣,664,201704
嘉義市,647,201704
嘉義縣,647,201704
雲林縣,658,201704
臺南市,685,201704
高雄市,678,201704
澎湖縣,726,201704
屏東縣,664,201704
臺東縣,718,201704
花蓮縣,718,201704
金門縣,730,201704
連江縣,702,201704
臺北市,788,201705
基隆市,748,201705
新北市,728,201705
宜蘭縣,664,201705
新竹市,696,201705
新竹縣,684,201705
桃園市,676,201705
苗栗縣,690,201705
臺中市,686,201705
彰化縣,651,201705
南投縣,665,201705
嘉義市,649,201705
嘉義縣,647,201705
雲林縣,660,201705
臺南市,689,201705
高雄市,678,201705
澎湖縣,726,201705
屏東縣,664,201705
臺東縣,718,201705
花蓮縣,718,201705
金門縣,728,201705
連江縣,702,201705
臺北市,785,201706
基隆市,753,201706
新北市,730,201706
宜蘭縣,660,201706
新竹市,698,201706
新竹縣,684,201706
桃園市,676,201706
苗栗縣,690,201706
臺中市,688,201706
彰化縣,653,201706
南投縣,666,201706
嘉義市,645,201706
嘉義縣,646,201706
雲林縣,659,201706
臺南市,686,201706
高雄市,680,201706
澎湖縣,726,201706
屏東縣,664,201706
臺東縣,717,201706
花蓮縣,717,201706
金門縣,728,201706
連江縣,702,201706
臺北市,757,201707
基隆市,724,201707
新北市,702,201707
宜蘭縣,633,201707
新竹市,667,201707
新竹縣,656,201707
桃園市,644,201707
苗栗縣,660,201707
臺中市,660,201707
彰化縣,624,201707
南投縣,637,201707
嘉義市,615,201707
嘉義縣,618,201707
雲林縣,628,201707
臺南市,657,201707
高雄市,650,201707
澎湖縣,705,201707
屏東縣,637,201707
臺東縣,686,201707
花蓮縣,692,201707
金門縣,700,201707
連江縣,672,201707
臺北市,821,201708
基隆市,797,201708
新北市,772,201708
宜蘭縣,704,201708
新竹市,742,201708
新竹縣,721,201708
桃園市,717,201708
苗栗縣,732,201708
臺中市,728,201708
彰化縣,695,201708
南投縣,706,201708
嘉義市,688,201708
嘉義縣,688,201708
雲林縣,698,201708
臺南市,727,201708
高雄市,720,201708
澎湖縣,775,201708
屏東縣,703,201708
臺東縣,754,201708
花蓮縣,759,201708
金門縣,768,201708
連江縣,740,201708
臺北市,862,201709
基隆市,832,201709
新北市,809,201709
宜蘭縣,743,201709
新竹市,780,201709
新竹縣,761,201709
桃園市,755,201709
苗栗縣,768,201709
臺中市,766,201709
彰化縣,732,201709
南投縣,746,201709
嘉義市,731,201709
嘉義縣,728,201709
雲林縣,737,201709
臺南市,765,201709
高雄市,761,201709
澎湖縣,813,201709
屏東縣,741,201709
臺東縣,794,201709
花蓮縣,802,201709
金門縣,807,201709
連江縣,780,201709
臺北市,935,201710
基隆市,911,201710
新北市,882,201710
宜蘭縣,812,201710
新竹市,852,201710
新竹縣,833,201710
桃園市,825,201710
苗栗縣,838,201710
臺中市,838,201710
彰化縣,801,201710
南投縣,814,201710
嘉義市,796,201710
嘉義縣,795,201710
雲林縣,805,201710
臺南市,837,201710
高雄市,831,201710
澎湖縣,884,201710
屏東縣,815,201710
臺東縣,867,201710
花蓮縣,869,201710
金門縣,878,201710
連江縣,852,201710
臺北市,938,201711
基隆市,905,201711
新北市,883,201711
宜蘭縣,813,201711
新竹市,852,201711
新竹縣,836,201711
桃園市,827,201711
苗栗縣,836,201711
臺中市,837,201711
彰化縣,801,201711
南投縣,816,201711
嘉義市,798,201711
嘉義縣,796,201711
雲林縣,807,201711
臺南市,840,201711
高雄市,829,201711
澎湖縣,884,201711
屏東縣,814,201711
臺東縣,866,201711
花蓮縣,870,201711
金門縣,880,201711
連江縣,852,201711
臺北市,938,201712
基隆市,907,201712
新北市,884,201712
宜蘭縣,814,201712
新竹市,856,201712
新竹縣,837,201712
桃園市,824,201712
苗栗縣,838,201712
臺中市,835,201712
彰化縣,803,201712
南投縣,816,201712
嘉義市,799,201712
嘉義縣,795,201712
雲林縣,806,201712
臺南市,837,201712
高雄市,830,201712
澎湖縣,879,201712
屏東縣,813,201712
臺東縣,866,201712
花蓮縣,864,201712
金門縣,880,201712
連江縣,852,201712
臺北市,935,201801
基隆市,907,201801
新北市,883,201801
宜蘭縣,814,201801
新竹市,852,201801
新竹縣,836,201801
桃園市,826,201801
苗栗縣,837,201801
臺中市,835,201801
彰化縣,803,201801
南投縣,812,201801
嘉義市,795,201801
嘉義縣,795,201801
雲林縣,809,201801
臺南市,837,201801
高雄市,831,201801
澎湖縣,884,201801
屏東縣,813,201801
臺東縣,865,201801
花蓮縣,865,201801
金門縣,878,201801
連江縣,852,201801
臺北市,886,201802
基隆市,850,201802
新北市,832,201802
宜蘭縣,763,201802
新竹市,806,201802
新竹縣,785,201802
桃園市,778,201802
苗栗縣,789,201802
臺中市,787,201802
彰化縣,753,201802
南投縣,766,201802
嘉義市,748,201802
嘉義縣,749,201802
雲林縣,759,201802
臺南市,784,201802
高雄市,781,201802
澎湖縣,835,201802
屏東縣,763,201802
臺東縣,810,201802
花蓮縣,816,201802
金門縣,828,201802
連江縣,802,201802
臺北市,852,201803
基隆市,819,201803
新北市,798,201803
宜蘭縣,730,201803
新竹市,768,201803
新竹縣,753,201803
桃園市,739,201803
苗栗縣,755,201803
臺中市,755,201803
彰化縣,718,201803
南投縣,729,201803
嘉義市,711,201803
嘉義縣,712,201803
雲林縣,722,201803
臺南市,754,201803
高雄市,747,201803
澎湖縣,806,201803
屏東縣,731,201803
臺東縣,775,201803
花蓮縣,781,201803
金門縣,800,201803
連江縣,772,201803
臺北市,854,201804
基隆市,818,201804
新北市,793,201804
宜蘭縣,730,201804
新竹市,766,201804
新竹縣,747,201804
桃園市,739,201804
苗栗縣,755,201804
臺中市,755,201804
彰化縣,717,201804
南投縣,732,201804
嘉義市,710,201804
嘉義縣,711,201804
雲林縣,720,201804
臺南市,753,201804
高雄市,745,201804
澎湖縣,806,201804
屏東縣,730,201804
臺東縣,776,201804
花蓮縣,776,201804
金門縣,798,201804
連江縣,772,201804
臺北市,876,201805
基隆市,839,201805
新北市,815,201805
宜蘭縣,749,201805
新竹市,787,201805
新竹縣,768,201805
桃園市,757,201805
苗栗縣,772,201805
臺中市,774,201805
彰化縣,739,201805
南投縣,753,201805
嘉義市,732,201805
嘉義縣,730,201805
雲林縣,740,201805
臺南市,772,201805
高雄市,765,201805
澎湖縣,826,201805
屏東縣,749,201805
臺東縣,798,201805
花蓮縣,801,201805
金門縣,820,201805
連江縣,792,201805
臺北市,873,201806
基隆市,841,201806
新北市,819,201806
宜蘭縣,749,201806
新竹市,788,201806
新竹縣,771,201806
桃園市,758,201806
苗栗縣,774,201806
臺中市,772,201806
彰化縣,736,201806
南投縣,755,201806
嘉義市,728,201806
嘉義縣,729,201806
雲林縣,738,201806
臺南市,772,201806
高雄市,765,201806
澎湖縣,845,201806
屏東縣,749,201806
臺東縣,802,201806
花蓮縣,798,201806
金門縣,820,201806
連江縣,792,201806
臺北市,876,201807
基隆市,844,201807
新北市,825,201807
宜蘭縣,756,201807
新竹市,798,201807
新竹縣,779,201807
桃園市,765,201807
苗栗縣,778,201807
臺中市,775,201807
彰化縣,745,201807
南投縣,760,201807
嘉義市,734,201807
嘉義縣,735,201807
雲林縣,746,201807
臺南市,782,201807
高雄市,774,201807
澎湖縣,854,201807
屏東縣,758,201807
臺東縣,809,201807
花蓮縣,803,201807
金門縣,828,201807
連江縣,802,201807
臺北市,913,201808
基隆市,882,201808
新北市,858,201808
宜蘭縣,794,201808
新竹市,836,201808
新竹縣,818,201808
桃園市,802,201808
苗栗縣,818,201808
臺中市,813,201808
彰化縣,782,201808
南投縣,802,201808
嘉義市,776,201808
嘉義縣,776,201808
雲林縣,785,201808
臺南市,819,201808
高雄市,814,201808
澎湖縣,895,201808
屏東縣,799,201808
臺東縣,850,201808
花蓮縣,840,201808
金門縣,868,201808
連江縣,842,201808
臺北市,919,201809
基隆市,886,201809
新北市,858,201809
宜蘭縣,797,201809
新竹市,834,201809
新竹縣,816,201809
桃園市,801,201809
苗栗縣,820,201809
臺中市,812,201809
彰化縣,783,201809
南投縣,798,201809
嘉義市,776,201809
嘉義縣,778,201809
雲林縣,787,201809
臺南市,820,201809
高雄市,813,201809
澎湖縣,895,201809
屏東縣,800,201809
臺東縣,847,201809
花蓮縣,842,201809
金門縣,870,201809
連江縣,842,201809
臺北市,949,201810
基隆市,908,201810
新北市,890,201810
宜蘭縣,828,201810
新竹市,862,201810
新竹縣,850,201810
桃園市,832,201810
苗栗縣,848,201810
臺中市,842,201810
彰化縣,813,201810
南投縣,828,201810
嘉義市,803,201810
嘉義縣,809,201810
雲林縣,817,201810
臺南市,850,201810
高雄市,845,201810
澎湖縣,925,201810
屏東縣,830,201810
臺東縣,878,201810
花蓮縣,875,201810
金門縣,900,201810
連江縣,878,201810
臺北市,899,201811
基隆市,862,201811
新北市,841,201811
宜蘭縣,776,201811
新竹市,812,201811
新竹縣,798,201811
桃園市,787,201811
苗栗縣,798,201811
臺中市,797,201811
彰化縣,764,201811
南投縣,780,201811
嘉義市,757,201811
嘉義縣,755,201811
雲林縣,766,201811
臺南市,798,201811
高雄市,793,201811
澎湖縣,875,201811
屏東縣,782,201811
臺東縣,829,201811
花蓮縣,828,201811
金門縣,840,201811
連江縣,828,201811
臺北市,859,201812
基隆市,820,201812
新北市,801,201812
宜蘭縣,736,201812
新竹市,766,201812
新竹縣,756,201812
桃園市,750,201812
苗栗縣,760,201812
臺中市,758,201812
彰化縣,725,201812
南投縣,738,201812
嘉義市,718,201812
嘉義縣,718,201812
雲林縣,727,201812
臺南市,758,201812
高雄市,755,201812
澎湖縣,836,201812
屏東縣,743,201812
臺東縣,791,201812
花蓮縣,788,201812
金門縣,790,201812
連江縣,795,201812
臺北市,854,201901
基隆市,817,201901
新北市,794,201901
宜蘭縣,728,201901
新竹市,758,201901
新竹縣,744,201901
桃園市,735,201901
苗栗縣,751,201901
臺中市,750,201901
彰化縣,714,201901
南投縣,731,201901
嘉義市,707,201901
嘉義縣,708,201901
雲林縣,718,201901
臺南市,752,201901
高雄市,748,201901
澎湖縣,836,201901
屏東縣,734,201901
臺東縣,784,201901
花蓮縣,781,201901
金門縣,790,201901
連江縣,785,201901
臺北市,851,201902
基隆市,814,201902
新北市,793,201902
宜蘭縣,730,201902
新竹市,760,201902
新竹縣,743,201902
桃園市,737,201902
苗栗縣,751,201902
臺中市,747,201902
彰化縣,715,201902
南投縣,731,201902
嘉義市,706,201902
嘉義縣,708,201902
雲林縣,718,201902
臺南市,750,201902
高雄市,748,201902
澎湖縣,836,201902
屏東縣,733,201902
臺東縣,781,201902
花蓮縣,779,201902
金門縣,790,201902
連江縣,785,201902
臺北市,893,201903
基隆市,854,201903
新北市,834,201903
宜蘭縣,767,201903
新竹市,804,201903
新竹縣,783,201903
桃園市,775,201903
苗栗縣,791,201903
臺中市,789,201903
彰化縣,757,201903
南投縣,769,201903
嘉義市,744,201903
嘉義縣,746,201903
雲林縣,758,201903
臺南市,789,201903
高雄市,788,201903
澎湖縣,874,201903
屏東縣,772,201903
臺東縣,819,201903
花蓮縣,813,201903
金門縣,830,201903
連江縣,825,201903
臺北市,916,201904
基隆市,876,201904
新北市,857,201904
宜蘭縣,790,201904
新竹市,824,201904
新竹縣,804,201904
桃園市,801,201904
苗栗縣,813,201904
臺中市,811,201904
彰化縣,777,201904
南投縣,797,201904
嘉義市,770,201904
嘉義縣,766,201904
雲林縣,778,201904
臺南市,808,201904
高雄市,810,201904
澎湖縣,895,201904
屏東縣,793,201904
臺東縣,841,201904
花蓮縣,838,201904
金門縣,850,201904
連江縣,852,201904
臺北市,934,201905
基隆市,901,201905
新北市,877,201905
宜蘭縣,811,201905
新竹市,838,201905
新竹縣,822,201905
桃園市,820,201905
苗栗縣,833,201905
臺中市,829,201905
彰化縣,795,201905
南投縣,814,201905
嘉義市,786,201905
嘉義縣,788,201905
雲林縣,798,201905
臺南市,831,201905
高雄市,829,201905
澎湖縣,915,201905
屏東縣,812,201905
臺東縣,859,201905
花蓮縣,850,201905
金門縣,870,201905
連江縣,872,201905
臺北市,875,201906
基隆市,837,201906
新北市,815,201906
宜蘭縣,752,201906
新竹市,780,201906
新竹縣,761,201906
桃園市,759,201906
苗栗縣,772,201906
臺中市,771,201906
彰化縣,738,201906
南投縣,751,201906
嘉義市,724,201906
嘉義縣,728,201906
雲林縣,736,201906
臺南市,770,201906
高雄市,770,201906
澎湖縣,855,201906
屏東縣,751,201906
臺東縣,800,201906
花蓮縣,794,201906
金門縣,810,201906
連江縣,820,201906
臺北市,847,201907
基隆市,815,201907
新北市,785,201907
宜蘭縣,722,201907
新竹市,750,201907
新竹縣,732,201907
桃園市,728,201907
苗栗縣,742,201907
臺中市,743,201907
彰化縣,708,201907
南投縣,724,201907
嘉義市,699,201907
嘉義縣,699,201907
雲林縣,707,201907
臺南市,742,201907
高雄市,739,201907
澎湖縣,825,201907
屏東縣,723,201907
臺東縣,770,201907
花蓮縣,763,201907
金門縣,787,201907
連江縣,790,201907
臺北市,844,201908
基隆市,814,201908
新北市,786,201908
宜蘭縣,719,201908
新竹市,756,201908
新竹縣,732,201908
桃園市,730,201908
苗栗縣,741,201908
臺中市,738,201908
彰化縣,707,201908
南投縣,722,201908
嘉義市,702,201908
嘉義縣,698,201908
雲林縣,708,201908
臺南市,741,201908
高雄市,740,201908
澎湖縣,825,201908
屏東縣,724,201908
臺東縣,773,201908
花蓮縣,767,201908
金門縣,787,201908
連江縣,790,201908
臺北市,824,201909
基隆市,786,201909
新北市,767,201909
宜蘭縣,704,201909
新竹市,730,201909
新竹縣,715,201909
桃園市,711,201909
苗栗縣,725,201909
臺中市,718,201909
彰化縣,688,201909
南投縣,705,201909
嘉義市,683,201909
嘉義縣,682,201909
雲林縣,689,201909
臺南市,725,201909
高雄市,723,201909
澎湖縣,805,201909
屏東縣,705,201909
臺東縣,751,201909
花蓮縣,748,201909
金門縣,770,201909
連江縣,770,201909
臺北市,827,201910
基隆市,786,201910
新北市,767,201910
宜蘭縣,702,201910
新竹市,728,201910
新竹縣,716,201910
桃園市,709,201910
苗栗縣,722,201910
臺中市,721,201910
彰化縣,687,201910
南投縣,703,201910
嘉義市,678,201910
嘉義縣,682,201910
雲林縣,690,201910
臺南市,725,201910
高雄市,724,201910
澎湖縣,805,201910
屏東縣,704,201910
臺東縣,753,201910
花蓮縣,751,201910
金門縣,773,201910
連江縣,770,201910
臺北市,825,201911
基隆市,785,201911
新北市,769,201911
宜蘭縣,701,201911
新竹市,736,201911
新竹縣,714,201911
桃園市,707,201911
苗栗縣,722,201911
臺中市,720,201911
彰化縣,687,201911
南投縣,704,201911
嘉義市,676,201911
嘉義縣,680,201911
雲林縣,689,201911
臺南市,723,201911
高雄市,724,201911
澎湖縣,805,201911
屏東縣,703,201911
臺東縣,751,201911
花蓮縣,747,201911
金門縣,773,201911
連江縣,770,201911
臺北市,824,201912
基隆市,788,201912
新北市,767,201912
宜蘭縣,699,201912
新竹市,728,201912
新竹縣,713,201912
桃園市,707,201912
苗栗縣,723,201912
臺中市,721,201912
彰化縣,689,201912
南投縣,703,201912
嘉義市,678,201912
嘉義縣,679,201912
雲林縣,688,201912
臺南市,721,201912
高雄市,724,201912
澎湖縣,805,201912
屏東縣,704,201912
臺東縣,754,201912
花蓮縣,747,201912
金門縣,773,201912
連江縣,770,201912
臺北市,825,202001
基隆市,790,202001
新北市,769,202001
宜蘭縣,701,202001
新竹市,730,202001
新竹縣,713,202001
桃園市,706,202001
苗栗縣,723,202001
臺中市,723,202001
彰化縣,688,202001
南投縣,702,202001
嘉義市,679,202001
嘉義縣,679,202001
雲林縣,688,202001
臺南市,720,202001
高雄市,723,202001
澎湖縣,805,202001
屏東縣,704,202001
臺東縣,754,202001
花蓮縣,745,202001
金門縣,773,202001
連江縣,770,202001
臺北市,823,202002
基隆市,784,202002
新北市,768,202002
宜蘭縣,701,202002
新竹市,732,202002
新竹縣,714,202002
桃園市,711,202002
苗栗縣,721,202002
臺中市,721,202002
彰化縣,687,202002
南投縣,702,202002
嘉義市,677,202002
嘉義縣,680,202002
雲林縣,688,202002
臺南市,723,202002
高雄市,721,202002
澎湖縣,805,202002
屏東縣,704,202002
臺東縣,754,202002
花蓮縣,750,202002
金門縣,773,202002
連江縣,770,202002
臺北市,797,202003
基隆市,762,202003
新北市,739,202003
宜蘭縣,673,202003
新竹市,706,202003
新竹縣,684,202003
桃園市,680,202003
苗栗縣,693,202003
臺中市,693,202003
彰化縣,658,202003
南投縣,674,202003
嘉義市,647,202003
嘉義縣,653,202003
雲林縣,658,202003
臺南市,696,202003
高雄市,694,202003
澎湖縣,774,202003
屏東縣,675,202003
臺東縣,726,202003
花蓮縣,720,202003
金門縣,745,202003
連江縣,742,202003
臺北市,701,202004
基隆市,667,202004
新北市,641,202004
宜蘭縣,573,202004
新竹市,604,202004
新竹縣,583,202004
桃園市,586,202004
苗栗縣,594,202004
臺中市,594,202004
彰化縣,558,202004
南投縣,574,202004
嘉義市,554,202004
嘉義縣,551,202004
雲林縣,558,202004
臺南市,595,202004
高雄市,596,202004
澎湖縣,674,202004
屏東縣,576,202004
臺東縣,626,202004
花蓮縣,624,202004
金門縣,650,202004
連江縣,642,202004
臺北市,700,202005
基隆市,666,202005
新北市,640,202005
宜蘭縣,573,202005
新竹市,604,202005
新竹縣,587,202005
桃園市,581,202005
苗栗縣,595,202005
臺中市,595,202005
彰化縣,557,202005
南投縣,574,202005
嘉義市,546,202005
嘉義縣,549,202005
雲林縣,558,202005
臺南市,597,202005
高雄市,596,202005
澎湖縣,674,202005
屏東縣,575,202005
臺東縣,625,202005
花蓮縣,626,202005
金門縣,650,202005
連江縣,642,202005
臺北市,696,202006
基隆市,669,202006
新北市,642,202006
宜蘭縣,571,202006
新竹市,604,202006
新竹縣,580,202006
桃園市,579,202006
苗栗縣,595,202006
臺中市,595,202006
彰化縣,558,202006
南投縣,577,202006
嘉義市,549,202006
嘉義縣,548,202006
雲林縣,557,202006
臺南市,594,202006
高雄市,595,202006
澎湖縣,675,202006
屏東縣,575,202006
臺東縣,626,202006
花蓮縣,623,202006
金門縣,647,202006
連江縣,642,202006
臺北市,698,202007
基隆市,660,202007
新北市,641,202007
宜蘭縣,571,202007
新竹市,604,202007
新竹縣,582,202007
桃園市,581,202007
苗栗縣,593,202007
臺中市,595,202007
彰化縣,559,202007
南投縣,578,202007
嘉義市,551,202007
嘉義縣,548,202007
雲林縣,557,202007
臺南市,596,202007
高雄市,596,202007
澎湖縣,675,202007
屏東縣,575,202007
臺東縣,629,202007
花蓮縣,622,202007
金門縣,650,202007
連江縣,640,202007
臺北市,695,202008
基隆市,664,202008
新北市,638,202008
宜蘭縣,574,202008
新竹市,604,202008
新竹縣,582,202008
桃園市,581,202008
苗栗縣,594,202008
臺中市,595,202008
彰化縣,556,202008
南投縣,576,202008
嘉義市,549,202008
嘉義縣,551,202008
雲林縣,558,202008
臺南市,595,202008
高雄市,595,202008
澎湖縣,675,202008
屏東縣,571,202008
臺東縣,629,202008
花蓮縣,622,202008
金門縣,650,202008
連江縣,640,202008
臺北市,693,202009
基隆市,658,202009
新北市,641,202009
宜蘭縣,573,202009
新竹市,610,202009
新竹縣,585,202009
桃園市,581,202009
苗栗縣,591,202009
臺中市,595,202009
彰化縣,554,202009
南投縣,576,202009
嘉義市,553,202009
嘉義縣,549,202009
雲林縣,560,202009
臺南市,596,202009
高雄市,594,202009
澎湖縣,675,202009
屏東縣,569,202009
臺東縣,627,202009
花蓮縣,622,202009
金門縣,654,202009
連江縣,640,202009
臺北市,702,202010
基隆市,668,202010
新北市,651,202010
宜蘭縣,583,202010
新竹市,620,202010
新竹縣,595,202010
桃園市,588,202010
苗栗縣,603,202010
臺中市,603,202010
彰化縣,564,202010
南投縣,586,202010
嘉義市,561,202010
嘉義縣,558,202010
雲林縣,570,202010
臺南市,607,202010
高雄市,605,202010
澎湖縣,686,202010
屏東縣,579,202010
臺東縣,635,202010
花蓮縣,633,202010
金門縣,658,202010
連江縣,655,202010
臺北市,734,202011
基隆市,692,202011
新北市,677,202011
宜蘭縣,613,202011
新竹市,650,202011
新竹縣,618,202011
桃園市,618,202011
苗栗縣,630,202011
臺中市,636,202011
彰化縣,595,202011
南投縣,615,202011
嘉義市,587,202011
嘉義縣,589,202011
雲林縣,599,202011
臺南市,638,202011
高雄市,634,202011
澎湖縣,716,202011
屏東縣,608,202011
臺東縣,665,202011
花蓮縣,666,202011
金門縣,692,202011
連江縣,685,202011
臺北市,754,202012
基隆市,719,202012
新北市,696,202012
宜蘭縣,630,202012
新竹市,670,202012
新竹縣,638,202012
桃園市,637,202012
苗栗縣,653,202012
臺中市,653,202012
彰化縣,615,202012
南投縣,636,202012
嘉義市,605,202012
嘉義縣,606,202012
雲林縣,621,202012
臺南市,656,202012
高雄市,654,202012
澎湖縣,736,202012
屏東縣,627,202012
臺東縣,685,202012
花蓮縣,687,202012
金門縣,712,202012
連江縣,705,202012
臺北市,756,202101
基隆市,716,202101
新北市,697,202101
宜蘭縣,630,202101
新竹市,657,202101
新竹縣,638,202101
桃園市,640,202101
苗栗縣,650,202101
臺中市,655,202101
彰化縣,615,202101
南投縣,634,202101
嘉義市,607,202101
嘉義縣,605,202101
雲林縣,620,202101
臺南市,656,202101
高雄市,655,202101
澎湖縣,735,202101
屏東縣,629,202101
臺東縣,684,202101
花蓮縣,688,202101
金門縣,716,202101
連江縣,705,202101
臺北市,750,202102
基隆市,715,202102
新北市,696,202102
宜蘭縣,629,202102
新竹市,657,202102
新竹縣,635,202102
桃園市,640,202102
苗栗縣,651,202102
臺中市,652,202102
彰化縣,615,202102
南投縣,632,202102
嘉義市,606,202102
嘉義縣,607,202102
雲林縣,620,202102
臺南市,655,202102
高雄市,656,202102
澎湖縣,735,202102
屏東縣,630,202102
臺東縣,684,202102
花蓮縣,678,202102
金門縣,712,202102
連江縣,705,202102
臺北市,753,202103
基隆市,722,202103
新北市,695,202103
宜蘭縣,631,202103
新竹市,660,202103
新竹縣,634,202103
桃園市,639,202103
苗栗縣,652,202103
臺中市,655,202103
彰化縣,616,202103
南投縣,634,202103
嘉義市,608,202103
嘉義縣,605,202103
雲林縣,616,202103
臺南市,655,202103
高雄市,655,202103
澎湖縣,735,202103
屏東縣,630,202103
臺東縣,683,202103
花蓮縣,683,202103
金門縣,710,202103
連江縣,705,202103
臺北市,753,202104
基隆市,719,202104
新北市,695,202104
宜蘭縣,635,202104
新竹市,660,202104
新竹縣,636,202104
桃園市,639,202104
苗栗縣,650,202104
臺中市,652,202104
彰化縣,617,202104
南投縣,630,202104
嘉義市,606,202104
嘉義縣,608,202104
雲林縣,617,202104
臺南市,656,202104
高雄市,655,202104
澎湖縣,735,202104
屏東縣,631,202104
臺東縣,684,202104
花蓮縣,680,202104
金門縣,716,202104
連江縣,705,202104
臺北市,757,202105
基隆市,718,202105
新北市,697,202105
宜蘭縣,630,202105
新竹市,660,202105
新竹縣,636,202105
桃園市,638,202105
苗栗縣,649,202105
臺中市,652,202105
彰化縣,617,202105
南投縣,634,202105
嘉義市,608,202105
嘉義縣,605,202105
雲林縣,621,202105
臺南市,655,202105
高雄市,656,202105
澎湖縣,735,202105
屏東縣,630,202105
臺東縣,686,202105
花蓮縣,681,202105
金門縣,714,202105
連江縣,705,202105
臺北市,755,202106
基隆市,718,202106
新北市,698,202106
宜蘭縣,630,202106
新竹市,657,202106
新竹縣,635,202106
桃園市,641,202106
苗栗縣,647,202106
臺中市,650,202106
彰化縣,616,202106
南投縣,628,202106
嘉義市,607,202106
嘉義縣,606,202106
雲林縣,620,202106
臺南市,654,202106
高雄市,655,202106
澎湖縣,735,202106
屏東縣,633,202106
臺東縣,685,202106
花蓮縣,683,202106
金門縣,712,202106
連江縣,705,202106
臺北市,756,202107
基隆市,719,202107
新北市,698,202107
宜蘭縣,632,202107
新竹市,657,202107
新竹縣,638,202107
桃園市,640,202107
苗栗縣,648,202107
臺中市,653,202107
彰化縣,615,202107
南投縣,632,202107
嘉義市,606,202107
嘉義縣,607,202107
雲林縣,618,202107
臺南市,654,202107
高雄市,656,202107
澎湖縣,735,202107
屏東縣,632,202107
臺東縣,686,202107
花蓮縣,679,202107
金門縣,714,202107
連江縣,705,202107
臺北市,757,202108
基隆市,717,202108
新北市,697,202108
宜蘭縣,631,202108
新竹市,660,202108
新竹縣,636,202108
桃園市,639,202108
苗栗縣,651,202108
臺中市,654,202108
彰化縣,614,202108
南投縣,628,202108
嘉義市,606,202108
嘉義縣,606,202108
雲林縣,622,202108
臺南市,657,202108
高雄市,655,202108
澎湖縣,735,202108
屏東縣,630,202108
臺東縣,686,202108
花蓮縣,685,202108
金門縣,712,202108
連江縣,705,202108
臺北市,760,202109
基隆市,718,202109
新北市,697,202109
宜蘭縣,634,202109
新竹市,660,202109
新竹縣,636,202109
桃園市,640,202109
苗栗縣,649,202109
臺中市,654,202109
彰化縣,616,202109
南投縣,631,202109
嘉義市,614,202109
嘉義縣,607,202109
雲林縣,620,202109
臺南市,654,202109
高雄市,657,202109
澎湖縣,735,202109
屏東縣,630,202109
臺東縣,686,202109
花蓮縣,681,202109
金門縣,716,202109
連江縣,705,202109
臺北市,756,202110
基隆市,713,202110
新北市,697,202110
宜蘭縣,632,202110
新竹市,657,202110
新竹縣,638,202110
桃園市,639,202110
苗栗縣,650,202110
臺中市,654,202110
彰化縣,617,202110
南投縣,632,202110
嘉義市,616,202110
嘉義縣,605,202110
雲林縣,618,202110
臺南市,655,202110
高雄市,654,202110
澎湖縣,735,202110
屏東縣,634,202110
臺東縣,687,202110
花蓮縣,678,202110
金門縣,714,202110
連江縣,705,202110
臺北市,759,202111
基隆市,719,202111
新北市,698,202111
宜蘭縣,631,202111
新竹市,657,202111
新竹縣,636,202111
桃園市,637,202111
苗栗縣,648,202111
臺中市,653,202111
彰化縣,616,202111
南投縣,634,202111
嘉義市,608,202111
嘉義縣,606,202111
雲林縣,620,202111
臺南市,653,202111
高雄市,657,202111
澎湖縣,736,202111
屏東縣,636,202111
臺東縣,686,202111
花蓮縣,682,202111
金門縣,716,202111
連江縣,705,202111
臺北市,753,202112
基隆市,719,202112
新北市,697,202112
宜蘭縣,633,202112
新竹市,660,202112
新竹縣,638,202112
桃園市,638,202112
苗栗縣,645,202112
臺中市,653,202112
彰化縣,616,202112
南投縣,630,202112
嘉義市,611,202112
嘉義縣,606,202112
雲林縣,618,202112
臺南市,655,202112
高雄市,657,202112
澎湖縣,735,202112
屏東縣,636,202112
臺東縣,684,202112
花蓮縣,682,202112
金門縣,710,202112
連江縣,705,202112
臺北市,755,202201
基隆市,726,202201
新北市,698,202201
宜蘭縣,633,202201
新竹市,657,202201
新竹縣,636,202201
桃園市,640,202201
苗栗縣,649,202201
臺中市,650,202201
彰化縣,615,202201
南投縣,630,202201
嘉義市,608,202201
嘉義縣,604,202201
雲林縣,619,202201
臺南市,653,202201
高雄市,658,202201
澎湖縣,735,202201
屏東縣,637,202201
臺東縣,683,202201
花蓮縣,680,202201
金門縣,714,202201
連江縣,705,202201
臺北市,756,202202
基隆市,723,202202
新北市,696,202202
宜蘭縣,631,202202
新竹市,660,202202
新竹縣,637,202202
桃園市,639,202202
苗栗縣,649,202202
臺中市,653,202202
彰化縣,616,202202
南投縣,633,202202
嘉義市,609,202202
嘉義縣,606,202202
雲林縣,618,202202
臺南市,657,202202
高雄市,657,202202
澎湖縣,735,202202
屏東縣,633,202202
臺東縣,685,202202
花蓮縣,676,202202
金門縣,712,202202
連江縣,705,202202
臺北市,762,202203
基隆市,719,202203
新北市,698,202203
宜蘭縣,633,202203
新竹市,657,202203
新竹縣,637,202203
桃園市,640,202203
苗栗縣,651,202203
臺中市,653,202203
彰化縣,616,202203
南投縣,631,202203
嘉義市,609,202203
嘉義縣,606,202203
雲林縣,620,202203
臺南市,658,202203
高雄市,662,202203
澎湖縣,736,202203
屏東縣,637,202203
臺東縣,687,202203
花蓮縣,679,202203
金門縣,716,202203
連江縣,705,202203
臺北市,758,202204
基隆市,721,202204
新北市,697,202204
宜蘭縣,633,202204
新竹市,660,202204
新竹縣,635,202204
桃園市,641,202204
苗栗縣,652,202204
臺中市,653,202204
彰化縣,616,202204
南投縣,632,202204
嘉義市,615,202204
嘉義縣,606,202204
雲林縣,619,202204
臺南市,660,202204
高雄市,664,202204
澎湖縣,736,202204
屏東縣,638,202204
臺東縣,686,202204
花蓮縣,675,202204
金門縣,712,202204
連江縣,705,202204
臺北市,757,202205
基隆市,719,202205
新北市,699,202205
宜蘭縣,635,202205
新竹市,660,202205
新竹縣,638,202205
桃園市,641,202205
苗栗縣,648,202205
臺中市,654,202205
彰化縣,616,202205
南投縣,628,202205
嘉義市,608,202205
嘉義縣,608,202205
雲林縣,618,202205
臺南市,661,202205
高雄市,668,202205
澎湖縣,736,202205
屏東縣,641,202205
臺東縣,686,202205
花蓮縣,677,202205
金門縣,714,202205
連江縣,705,202205
臺北市,754,202206
基隆市,721,202206
新北市,698,202206
宜蘭縣,632,202206
新竹市,660,202206
新竹縣,636,202206
桃園市,640,202206
苗栗縣,649,202206
臺中市,653,202206
彰化縣,617,202206
南投縣,630,202206
嘉義市,609,202206
嘉義縣,608,202206
雲林縣,617,202206
臺南市,662,202206
高雄市,668,202206
澎湖縣,736,202206
屏東縣,638,202206
臺東縣,684,202206
花蓮縣,681,202206
金門縣,712,202206
連江縣,705,202206
臺北市,758,202207
基隆市,723,202207
新北市,699,202207
宜蘭縣,635,202207
新竹市,660,202207
新竹縣,634,202207
桃園市,643,202207
苗栗縣,651,202207
臺中市,652,202207
彰化縣,618,202207
南投縣,632,202207
嘉義市,607,202207
嘉義縣,608,202207
雲林縣,618,202207
臺南市,664,202207
高雄市,671,202207
澎湖縣,736,202207
屏東縣,640,202207
臺東縣,687,202207
花蓮縣,675,202207
金門縣,714,202207
連江縣,705,202207
臺北市,760,202208
基隆市,728,202208
新北市,697,202208
宜蘭縣,635,202208
新竹市,660,202208
新竹縣,635,202208
桃園市,644,202208
苗栗縣,652,202208
臺中市,652,202208
彰化縣,617,202208
南投縣,630,202208
嘉義市,611,202208
嘉義縣,608,202208
雲林縣,620,202208
臺南市,659,202208
高雄市,669,202208
澎湖縣,736,202208
屏東縣,640,202208
臺東縣,687,202208
花蓮縣,675,202208
金門縣,714,202208
連江縣,705,202208
臺北市,758,202209
基隆市,724,202209
新北市,697,202209
宜蘭縣,635,202209
新竹市,660,202209
新竹縣,638,202209
桃園市,643,202209
苗栗縣,648,202209
臺中市,651,202209
彰化縣,617,202209
南投縣,632,202209
嘉義市,610,202209
嘉義縣,607,202209
雲林縣,619,202209
臺南市,660,202209
高雄市,668,202209
澎湖縣,736,202209
屏東縣,639,202209
臺東縣,687,202209
花蓮縣,678,202209
金門縣,712,202209
連江縣,705,202209
臺北市,756,202210
基隆市,721,202210
新北市,696,202210
宜蘭縣,636,202210
新竹市,658,202210
新竹縣,635,202210
桃園市,640,202210
苗栗縣,648,202210
臺中市,648,202210
彰化縣,616,202210
南投縣,632,202210
嘉義市,610,202210
嘉義縣,606,202210
雲林縣,620,202210
臺南市,661,202210
高雄市,670,202210
澎湖縣,733,202210
屏東縣,641,202210
臺東縣,681,202210
花蓮縣,672,202210
金門縣,717,202210
連江縣,705,202210
臺北市,758,202211
基隆市,717,202211
新北市,696,202211
宜蘭縣,635,202211
新竹市,658,202211
新竹縣,639,202211
桃園市,642,202211
苗栗縣,647,202211
臺中市,651,202211
彰化縣,616,202211
南投縣,632,202211
嘉義市,611,202211
嘉義縣,605,202211
雲林縣,619,202211
臺南市,661,202211
高雄市,670,202211
澎湖縣,733,202211
屏東縣,639,202211
臺東縣,678,202211
花蓮縣,676,202211
金門縣,717,202211
連江縣,750,202211
臺北市,758,202212
基隆市,718,202212
新北市,696,202212
宜蘭縣,634,202212
新竹市,658,202212
新竹縣,642,202212
桃園市,642,202212
苗栗縣,647,202212
臺中市,653,202212
彰化縣,617,202212
南投縣,634,202212
嘉義市,612,202212
嘉義縣,605,202212
雲林縣,618,202212
臺南市,660,202212
高雄市,669,202212
澎湖縣,733,202212
屏東縣,640,202212
臺東縣,681,202212
花蓮縣,679,202212
金門縣,715,202212
連江縣,750,202212
臺北市,759,202301
基隆市,718,202301
新北市,698,202301
宜蘭縣,637,202301
新竹市,658,202301
新竹縣,635,202301
桃園市,642,202301
苗栗縣,648,202301
臺中市,653,202301
彰化縣,616,202301
南投縣,634,202301
嘉義市,606,202301
嘉義縣,605,202301
雲林縣,620,202301
臺南市,661,202301
高雄市,671,202301
澎湖縣,737,202301
屏東縣,639,202301
臺東縣,676,202301
花蓮縣,672,202301
金門縣,715,202301
連江縣,750,202301
臺北市,759,202302
基隆市,722,202302
新北市,697,202302
宜蘭縣,635,202302
新竹市,658,202302
新竹縣,637,202302
桃園市,643,202302
苗栗縣,648,202302
臺中市,654,202302
彰化縣,618,202302
南投縣,632,202302
嘉義市,611,202302
嘉義縣,604,202302
雲林縣,618,202302
臺南市,663,202302
高雄市,672,202302
澎湖縣,739,202302
屏東縣,641,202302
臺東縣,674,202302
花蓮縣,677,202302
金門縣,716,202302
連江縣,750,202302
臺北市,760,202303
基隆市,716,202303
新北市,697,202303
宜蘭縣,635,202303
新竹市,658,202303
新竹縣,635,202303
桃園市,645,202303
苗栗縣,646,202303
臺中市,651,202303
彰化縣,616,202303
南投縣,634,202303
嘉義市,608,202303
嘉義縣,607,202303
雲林縣,619,202303
臺南市,664,202303
高雄市,672,202303
澎湖縣,741,202303
屏東縣,640,202303
臺東縣,677,202303
花蓮縣,677,202303
金門縣,714,202303
連江縣,750,202303
臺北市,764,202304
基隆市,719,202304
新北市,698,202304
宜蘭縣,635,202304
新竹市,658,202304
新竹縣,636,202304
桃園市,640,202304
苗栗縣,648,202304
臺中市,654,202304
彰化縣,616,202304
南投縣,633,202304
嘉義市,610,202304
嘉義縣,607,202304
雲林縣,619,202304
臺南市,664,202304
高雄市,672,202304
澎湖縣,739,202304
屏東縣,642,202304
臺東縣,675,202304
花蓮縣,680,202304
金門縣,718,202304
連江縣,750,202304
臺北市,761,202305
基隆市,716,202305
新北市,699,202305
宜蘭縣,634,202305
新竹市,658,202305
新竹縣,640,202305
桃園市,642,202305
苗栗縣,646,202305
臺中市,652,202305
彰化縣,618,202305
南投縣,632,202305
嘉義市,610,202305
嘉義縣,607,202305
雲林縣,620,202305
臺南市,664,202305
高雄市,674,202305
澎湖縣,738,202305
屏東縣,641,202305
臺東縣,680,202305
花蓮縣,673,202305
金門縣,720,202305
連江縣,750,202305
臺北市,758,202306
基隆市,715,202306
新北市,698,202306
宜蘭縣,638,202306
新竹市,658,202306
新竹縣,638,202306
桃園市,643,202306
苗栗縣,646,202306
臺中市,654,202306
彰化縣,617,202306
南投縣,632,202306
嘉義市,607,202306
嘉義縣,608,202306
雲林縣,621,202306
臺南市,666,202306
高雄市,673,202306
澎湖縣,735,202306
屏東縣,640,202306
臺東縣,681,202306
花蓮縣,675,202306
金門縣,714,202306
連江縣,750,202306
臺北市,761,202307
基隆市,716,202307
新北市,697,202307
宜蘭縣,636,202307
新竹市,658,202307
新竹縣,636,202307
桃園市,644,202307
苗栗縣,647,202307
臺中市,652,202307
彰化縣,618,202307
南投縣,631,202307
嘉義市,614,202307
嘉義縣,607,202307
雲林縣,621,202307
臺南市,666,202307
高雄市,673,202307
澎湖縣,738,202307
屏東縣,642,202307
臺東縣,678,202307
花蓮縣,676,202307
金門縣,720,202307
連江縣,800,202307
臺北市,761,202308
基隆市,721,202308
新北市,697,202308
宜蘭縣,638,202308
新竹市,658,202308
新竹縣,637,202308
桃園市,644,202308
苗栗縣,649,202308
臺中市,653,202308
彰化縣,618,202308
南投縣,631,202308
嘉義市,615,202308
嘉義縣,610,202308
雲林縣,621,202308
臺南市,673,202308
高雄市,675,202308
澎湖縣,741,202308
屏東縣,642,202308
臺東縣,680,202308
花蓮縣,677,202308
金門縣,718,202308
連江縣,800,202308
臺北市,760,202309
基隆市,717,202309
新北市,697,202309
宜蘭縣,640,202309
新竹市,658,202309
新竹縣,635,202309
桃園市,645,202309
苗栗縣,646,202309
臺中市,654,202309
彰化縣,618,202309
南投縣,630,202309
嘉義市,619,202309
嘉義縣,610,202309
雲林縣,620,202309
臺南市,671,202309
高雄市,673,202309
澎湖縣,741,202309
屏東縣,644,202309
臺東縣,681,202309
花蓮縣,675,202309
金門縣,720,202309
連江縣,800,202309
臺北市,761,202310
基隆市,720,202310
新北市,700,202310
宜蘭縣,638,202310
新竹市,658,202310
新竹縣,635,202310
桃園市,643,202310
苗栗縣,650,202310
臺中市,655,202310
彰化縣,618,202310
南投縣,636,202310
嘉義市,618,202310
嘉義縣,613,202310
雲林縣,624,202310
臺南市,673,202310
高雄市,675,202310
澎湖縣,739,202310
屏東縣,644,202310
臺東縣,681,202310
花蓮縣,681,202310
金門縣,716,202310
連江縣,800,202310
臺北市,757,202311
基隆市,716,202311
新北市,699,202311
宜蘭縣,636,202311
新竹市,658,202311
新竹縣,642,202311
桃園市,642,202311
苗栗縣,647,202311
臺中市,657,202311
彰化縣,619,202311
南投縣,636,202311
嘉義市,619,202311
嘉義縣,611,202311
雲林縣,623,202311
臺南市,672,202311
高雄市,676,202311
澎湖縣,740,202311
屏東縣,643,202311
臺東縣,683,202311
花蓮縣,669,202311
金門縣,720,202311
連江縣,815,202311
臺北市,757,202312
基隆市,717,202312
新北市,698,202312
宜蘭縣,638,202312
新竹市,658,202312
新竹縣,637,202312
桃園市,645,202312
苗栗縣,648,202312
臺中市,655,202312
彰化縣,618,202312
南投縣,637,202312
嘉義市,620,202312
嘉義縣,612,202312
雲林縣,624,202312
臺南市,672,202312
高雄市,677,202312
澎湖縣,741,202312
屏東縣,641,202312
臺東縣,685,202312
花蓮縣,671,202312
金門縣,716,202312
連江縣,815,202312
臺北市,763,202401
基隆市,725,202401
新北市,700,202401
宜蘭縣,638,202401
新竹市,663,202401
新竹縣,638,202401
桃園市,643,202401
苗栗縣,649,202401
臺中市,657,202401
彰化縣,619,202401
南投縣,637,202401
嘉義市,617,202401
嘉義縣,615,202401
雲林縣,626,202401
臺南市,675,202401
高雄市,678,202401
澎湖縣,739,202401
屏東縣,643,202401
臺東縣,685,202401
花蓮縣,671,202401
金門縣,720,202401
連江縣,815,202401
臺北市,756,202402
基隆市,720,202402
新北市,700,202402
宜蘭縣,638,202402
新竹市,668,202402
新竹縣,639,202402
桃園市,643,202402
苗栗縣,648,202402
臺中市,653,202402
彰化縣,618,202402
南投縣,633,202402
嘉義市,622,202402
嘉義縣,618,202402
雲林縣,628,202402
臺南市,679,202402
高雄市,678,202402
澎湖縣,741,202402
屏東縣,642,202402
臺東縣,686,202402
花蓮縣,680,202402
金門縣,720,202402
連江縣,815,202402
臺北市,761,202403
基隆市,719,202403
新北市,704,202403
宜蘭縣,642,202403
新竹市,668,202403
新竹縣,644,202403
桃園市,643,202403
苗栗縣,646,202403
臺中市,655,202403
彰化縣,619,202403
南投縣,633,202403
嘉義市,624,202403
嘉義縣,617,202403
雲林縣,630,202403
臺南市,678,202403
高雄市,680,202403
澎湖縣,743,202403
屏東縣,643,202403
臺東縣,684,202403
花蓮縣,676,202403
金門縣,720,202403
連江縣,830,202403
臺北市,758,202404
基隆市,720,202404
新北市,704,202404
宜蘭縣,639,202404
新竹市,668,202404
新竹縣,641,202404
桃園市,643,202404
苗栗縣,647,202404
臺中市,656,202404
彰化縣,620,202404
南投縣,633,202404
嘉義市,620,202404
嘉義縣,616,202404
雲林縣,630,202404
臺南市,682,202404
高雄市,681,202404
澎湖縣,751,202404
屏東縣,644,202404
臺東縣,686,202404
花蓮縣,675,202404
金門縣,720,202404
連江縣,830,202404
臺北市,760,202405
基隆市,720,202405
新北市,705,202405
宜蘭縣,641,202405
新竹市,668,202405
新竹縣,642,202405
桃園市,644,202405
苗栗縣,647,202405
臺中市,655,202405
彰化縣,620,202405
南投縣,630,202405
嘉義市,623,202405
嘉義縣,615,202405
雲林縣,629,202405
臺南市,683,202405
高雄市,682,202405
澎湖縣,750,202405
屏東縣,644,202405
臺東縣,685,202405
花蓮縣,675,202405
金門縣,716,202405
連江縣,830,202405
臺北市,761,202406
基隆市,720,202406
新北市,705,202406
宜蘭縣,639,202406
新竹市,668,202406
新竹縣,646,202406
桃園市,644,202406
苗栗縣,652,202406
臺中市,657,202406
彰化縣,617,202406
南投縣,632,202406
嘉義市,622,202406
嘉義縣,613,202406
雲林縣,630,202406
臺南市,684,202406
高雄市,684,202406
澎湖縣,753,202406
屏東縣,643,202406
臺東縣,689,202406
花蓮縣,677,202406
金門縣,720,202406
連江縣,830,202406
臺北市,760,202407
基隆市,729,202407
新北市,706,202407
宜蘭縣,643,202407
新竹市,665,202407
新竹縣,640,202407
桃園市,644,202407
苗栗縣,652,202407
臺中市,659,202407
彰化縣,618,202407
南投縣,633,202407
嘉義市,623,202407
嘉義縣,614,202407
雲林縣,631,202407
臺南市,685,202407
高雄市,683,202407
澎湖縣,754,202407
屏東縣,642,202407
臺東縣,690,202407
花蓮縣,679,202407
金門縣,720,202407
連江縣,850,202407
臺北市,757,202408
基隆市,724,202408
新北市,705,202408
宜蘭縣,645,202408
新竹市,665,202408
新竹縣,642,202408
桃園市,645,202408
苗栗縣,649,202408
臺中市,659,202408
彰化縣,617,202408
南投縣,631,202408
嘉義市,626,202408
嘉義縣,618,202408
雲林縣,627,202408
臺南市,684,202408
高雄市,683,202408
澎湖縣,750,202408
屏東縣,645,202408
臺東縣,690,202408
花蓮縣,674,202408
金門縣,716,202408
連江縣,850,202408
臺北市,760,202409
基隆市,721,202409
新北市,706,202409
宜蘭縣,646,202409
新竹市,665,202409
新竹縣,650,202409
桃園市,647,202409
苗栗縣,650,202409
臺中市,659,202409
彰化縣,617,202409
南投縣,634,202409
嘉義市,624,202409
嘉義縣,617,202409
雲林縣,632,202409
臺南市,687,202409
高雄市,686,202409
澎湖縣,751,202409
屏東縣,644,202409
臺東縣,688,202409
花蓮縣,676,202409
金門縣,720,202409
連江縣,850,202409
臺北市,759,202410
基隆市,729,202410
新北市,707,202410
宜蘭縣,643,202410
新竹市,668,202410
新竹縣,651,202410
桃園市,649,202410
苗栗縣,649,202410
臺中市,659,202410
彰化縣,617,202410
南投縣,636,202410
嘉義市,625,202410
嘉義縣,614,202410
雲林縣,632,202410
臺南市,687,202410
高雄市,687,202410
澎湖縣,748,202410
屏東縣,643,202410
臺東縣,687,202410
花蓮縣,681,202410
金門縣,720,202410
連江縣,850,202410
臺北市,759,202411
基隆市,729,202411
新北市,706,202411
宜蘭縣,646,202411
新竹市,665,202411
新竹縣,651,202411
桃園市,649,202411
苗栗縣,649,202411
臺中市,661,202411
彰化縣,618,202411
南投縣,636,202411
嘉義市,625,202411
嘉義縣,615,202411
雲林縣,632,202411
臺南市,691,202411
高雄市,687,202411
澎湖縣,753,202411
屏東縣,645,202411
臺東縣,684,202411
花蓮縣,675,202411
金門縣,716,202411
連江縣,850,202411
臺北市,759,202412
基隆市,723,202412
新北市,706,202412
宜蘭縣,647,202412
新竹市,668,202412
新竹縣,652,202412
桃園市,653,202412
苗栗縣,648,202412
臺中市,662,202412
彰化縣,620,202412
南投縣,635,202412
嘉義市,624,202412
嘉義縣,617,202412
雲林縣,634,202412
臺南市,692,202412
高雄市,689,202412
澎湖縣,754,202412
屏東縣,646,202412
臺東縣,688,202412
花蓮縣,674,202412
金門縣,716,202412
連江縣,850,202412
臺北市,762,202501
基隆市,727,202501
新北市,708,202501
宜蘭縣,648,202501
新竹市,668,202501
新竹縣,655,202501
桃園市,652,202501
苗栗縣,651,202501
臺中市,661,202501
彰化縣,622,202501
南投縣,637,202501
嘉義市,626,202501
嘉義縣,618,202501
雲林縣,634,202501
臺南市,692,202501
高雄市,691,202501
澎湖縣,754,202501
屏東縣,649,202501
臺東縣,692,202501
花蓮縣,675,202501
金門縣,716,202501
連江縣,850,202501
臺北市,763,202502
基隆市,727,202502
新北市,710,202502
宜蘭縣,646,202502
新竹市,665,202502
新竹縣,652,202502
桃園市,654,202502
苗栗縣,650,202502
臺中市,662,202502
彰化縣,624,202502
南投縣,642,202502
嘉義市,628,202502
嘉義縣,619,202502
雲林縣,634,202502
臺南市,695,202502
高雄市,694,202502
澎湖縣,754,202502
屏東縣,647,202502
臺東縣,698,202502
花蓮縣,676,202502
金門縣,714,202502
連江縣,850,202502
臺北市,769,202503
基隆市,725,202503
新北市,708,202503
宜蘭縣,648,202503
新竹市,665,202503
新竹縣,652,202503
桃園市,656,202503
苗栗縣,652,202503
臺中市,662,202503
彰化縣,623,202503
南投縣,639,202503
嘉義市,629,202503
嘉義縣,618,202503
雲林縣,635,202503
臺南市,699,202503
高雄市,695,202503
澎湖縣,754,202503
屏東縣,652,202503
臺東縣,696,202503
花蓮縣,678,202503
金門縣,718,202503
連江縣,850,202503
臺北市,768,202504
基隆市,720,202504
新北市,712,202504
宜蘭縣,646,202504
新竹市,665,202504
新竹縣,660,202504
桃園市,655,202504
苗栗縣,656,202504
臺中市,665,202504
彰化縣,624,202504
南投縣,643,202504
嘉義市,627,202504
嘉義縣,620,202504
雲林縣,636,202504
臺南市,699,202504
高雄市,699,202504
澎湖縣,754,202504
屏東縣,651,202504
臺東縣,695,202504
花蓮縣,679,202504
金門縣,718,202504
連江縣,850,202504
