縣市名稱,查報均價(元/20公斤(桶)),查報年分,查報月份
臺北市,922,2011,01
基隆市,896,2011,01
新北市,856,2011,01
宜蘭縣,794,2011,01
新竹市,858,2011,01
新竹縣,829,2011,01
桃園市,816,2011,01
苗栗縣,843,2011,01
臺中市,822,2011,01
彰化縣,790,2011,01
南投縣,811,2011,01
嘉義市,840,2011,01
嘉義縣,827,2011,01
雲林縣,815,2011,01
臺南市,802,2011,01
高雄市,812,2011,01
澎湖縣,860,2011,01
屏東縣,805,2011,01
臺東縣,844,2011,01
花蓮縣,854,2011,01
金門縣,872,2011,01
連江縣,852,2011,01
臺北市,875,2011,02
基隆市,858,2011,02
新北市,831,2011,02
宜蘭縣,769,2011,02
新竹市,790,2011,02
新竹縣,786,2011,02
桃園市,786,2011,02
苗栗縣,822,2011,02
臺中市,794,2011,02
彰化縣,766,2011,02
南投縣,789,2011,02
嘉義市,795,2011,02
嘉義縣,797,2011,02
雲林縣,801,2011,02
臺南市,771,2011,02
高雄市,784,2011,02
澎湖縣,844,2011,02
屏東縣,774,2011,02
臺東縣,839,2011,02
花蓮縣,812,2011,02
金門縣,842,2011,02
連江縣,822,2011,02
臺北市,874,2011,03
基隆市,878,2011,03
新北市,836,2011,03
宜蘭縣,776,2011,03
新竹市,823,2011,03
新竹縣,777,2011,03
桃園市,797,2011,03
苗栗縣,826,2011,03
臺中市,799,2011,03
彰化縣,780,2011,03
南投縣,795,2011,03
嘉義市,794,2011,03
嘉義縣,799,2011,03
雲林縣,813,2011,03
臺南市,781,2011,03
高雄市,794,2011,03
澎湖縣,845,2011,03
屏東縣,775,2011,03
臺東縣,838,2011,03
花蓮縣,838,2011,03
金門縣,852,2011,03
連江縣,832,2011,03
臺北市,894,2011,04
基隆市,874,2011,04
新北市,836,2011,04
宜蘭縣,782,2011,04
新竹市,828,2011,04
新竹縣,801,2011,04
桃園市,796,2011,04
苗栗縣,820,2011,04
臺中市,796,2011,04
彰化縣,774,2011,04
南投縣,796,2011,04
嘉義市,799,2011,04
嘉義縣,813,2011,04
雲林縣,818,2011,04
臺南市,784,2011,04
高雄市,795,2011,04
澎湖縣,815,2011,04
屏東縣,780,2011,04
臺東縣,838,2011,04
花蓮縣,836,2011,04
金門縣,852,2011,04
連江縣,832,2011,04
臺北市,886,2011,05
基隆市,886,2011,05
新北市,838,2011,05
宜蘭縣,767,2011,05
新竹市,795,2011,05
新竹縣,798,2011,05
桃園市,798,2011,05
苗栗縣,823,2011,05
臺中市,797,2011,05
彰化縣,772,2011,05
南投縣,800,2011,05
嘉義市,795,2011,05
嘉義縣,805,2011,05
雲林縣,812,2011,05
臺南市,779,2011,05
高雄市,793,2011,05
澎湖縣,819,2011,05
屏東縣,779,2011,05
臺東縣,848,2011,05
花蓮縣,835,2011,05
金門縣,852,2011,05
連江縣,832,2011,05
臺北市,884,2011,06
基隆市,873,2011,06
新北市,837,2011,06
宜蘭縣,765,2011,06
新竹市,818,2011,06
新竹縣,797,2011,06
桃園市,795,2011,06
苗栗縣,831,2011,06
臺中市,799,2011,06
彰化縣,776,2011,06
南投縣,803,2011,06
嘉義市,791,2011,06
嘉義縣,804,2011,06
雲林縣,810,2011,06
臺南市,783,2011,06
高雄市,795,2011,06
澎湖縣,817,2011,06
屏東縣,776,2011,06
臺東縣,839,2011,06
花蓮縣,834,2011,06
金門縣,852,2011,06
連江縣,832,2011,06
臺北市,897,2011,07
基隆市,874,2011,07
新北市,832,2011,07
宜蘭縣,785,2011,07
新竹市,810,2011,07
新竹縣,798,2011,07
桃園市,796,2011,07
苗栗縣,822,2011,07
臺中市,795,2011,07
彰化縣,772,2011,07
南投縣,803,2011,07
嘉義市,795,2011,07
嘉義縣,810,2011,07
雲林縣,813,2011,07
臺南市,786,2011,07
高雄市,794,2011,07
澎湖縣,815,2011,07
屏東縣,777,2011,07
臺東縣,841,2011,07
花蓮縣,824,2011,07
金門縣,848,2011,07
連江縣,832,2011,07
臺北市,885,2011,08
基隆市,875,2011,08
新北市,850,2011,08
宜蘭縣,783,2011,08
新竹市,805,2011,08
新竹縣,809,2011,08
桃園市,801,2011,08
苗栗縣,827,2011,08
臺中市,809,2011,08
彰化縣,784,2011,08
南投縣,813,2011,08
嘉義市,792,2011,08
嘉義縣,813,2011,08
雲林縣,823,2011,08
臺南市,785,2011,08
高雄市,803,2011,08
澎湖縣,821,2011,08
屏東縣,790,2011,08
臺東縣,854,2011,08
花蓮縣,837,2011,08
金門縣,852,2011,08
連江縣,842,2011,08
臺北市,885,2011,09
基隆市,882,2011,09
新北市,848,2011,09
宜蘭縣,773,2011,09
新竹市,810,2011,09
新竹縣,805,2011,09
桃園市,805,2011,09
苗栗縣,834,2011,09
臺中市,809,2011,09
彰化縣,788,2011,09
南投縣,801,2011,09
嘉義市,794,2011,09
嘉義縣,810,2011,09
雲林縣,820,2011,09
臺南市,793,2011,09
高雄市,804,2011,09
澎湖縣,818,2011,09
屏東縣,784,2011,09
臺東縣,854,2011,09
花蓮縣,837,2011,09
金門縣,821,2011,09
連江縣,842,2011,09
臺北市,906,2011,10
基隆市,878,2011,10
新北市,848,2011,10
宜蘭縣,787,2011,10
新竹市,830,2011,10
新竹縣,810,2011,10
桃園市,805,2011,10
苗栗縣,832,2011,10
臺中市,806,2011,10
彰化縣,780,2011,10
南投縣,814,2011,10
嘉義市,798,2011,10
嘉義縣,815,2011,10
雲林縣,820,2011,10
臺南市,792,2011,10
高雄市,802,2011,10
澎湖縣,816,2011,10
屏東縣,792,2011,10
臺東縣,849,2011,10
花蓮縣,837,2011,10
金門縣,820,2011,10
連江縣,842,2011,10
臺北市,894,2011,11
基隆市,888,2011,11
新北市,847,2011,11
宜蘭縣,787,2011,11
新竹市,795,2011,11
新竹縣,802,2011,11
桃園市,806,2011,11
苗栗縣,833,2011,11
臺中市,810,2011,11
彰化縣,783,2011,11
南投縣,817,2011,11
嘉義市,793,2011,11
嘉義縣,811,2011,11
雲林縣,825,2011,11
臺南市,788,2011,11
高雄市,801,2011,11
澎湖縣,820,2011,11
屏東縣,790,2011,11
臺東縣,854,2011,11
花蓮縣,841,2011,11
金門縣,820,2011,11
連江縣,842,2011,11
臺北市,902,2011,12
基隆市,875,2011,12
新北市,843,2011,12
宜蘭縣,781,2011,12
新竹市,818,2011,12
新竹縣,818,2011,12
桃園市,802,2011,12
苗栗縣,838,2011,12
臺中市,808,2011,12
彰化縣,786,2011,12
南投縣,808,2011,12
嘉義市,799,2011,12
嘉義縣,811,2011,12
雲林縣,818,2011,12
臺南市,794,2011,12
高雄市,805,2011,12
澎湖縣,818,2011,12
屏東縣,786,2011,12
臺東縣,848,2011,12
花蓮縣,838,2011,12
金門縣,820,2011,12
連江縣,842,2011,12
臺北市,903,2012,01
基隆市,877,2012,01
新北市,847,2012,01
宜蘭縣,786,2012,01
新竹市,822,2012,01
新竹縣,815,2012,01
桃園市,802,2012,01
苗栗縣,833,2012,01
臺中市,807,2012,01
彰化縣,786,2012,01
南投縣,812,2012,01
嘉義市,796,2012,01
嘉義縣,817,2012,01
雲林縣,822,2012,01
臺南市,793,2012,01
高雄市,803,2012,01
澎湖縣,815,2012,01
屏東縣,794,2012,01
臺東縣,847,2012,01
花蓮縣,846,2012,01
金門縣,821,2012,01
連江縣,842,2012,01
臺北市,922,2012,02
基隆市,936,2012,02
新北市,884,2012,02
宜蘭縣,819,2012,02
新竹市,830,2012,02
新竹縣,843,2012,02
桃園市,834,2012,02
苗栗縣,861,2012,02
臺中市,855,2012,02
彰化縣,820,2012,02
南投縣,852,2012,02
嘉義市,827,2012,02
嘉義縣,844,2012,02
雲林縣,852,2012,02
臺南市,824,2012,02
高雄市,837,2012,02
澎湖縣,866,2012,02
屏東縣,823,2012,02
臺東縣,887,2012,02
花蓮縣,872,2012,02
金門縣,856,2012,02
連江縣,878,2012,02
臺北市,961,2012,03
基隆市,950,2012,03
新北市,918,2012,03
宜蘭縣,863,2012,03
新竹市,882,2012,03
新竹縣,887,2012,03
桃園市,877,2012,03
苗栗縣,905,2012,03
臺中市,888,2012,03
彰化縣,861,2012,03
南投縣,884,2012,03
嘉義市,868,2012,03
嘉義縣,882,2012,03
雲林縣,891,2012,03
臺南市,868,2012,03
高雄市,876,2012,03
澎湖縣,905,2012,03
屏東縣,864,2012,03
臺東縣,918,2012,03
花蓮縣,910,2012,03
金門縣,895,2012,03
連江縣,918,2012,03
臺北市,943,2012,04
基隆市,920,2012,04
新北市,878,2012,04
宜蘭縣,830,2012,04
新竹市,845,2012,04
新竹縣,844,2012,04
桃園市,843,2012,04
苗栗縣,862,2012,04
臺中市,852,2012,04
彰化縣,812,2012,04
南投縣,849,2012,04
嘉義市,831,2012,04
嘉義縣,844,2012,04
雲林縣,851,2012,04
臺南市,830,2012,04
高雄市,833,2012,04
澎湖縣,866,2012,04
屏東縣,827,2012,04
臺東縣,887,2012,04
花蓮縣,875,2012,04
金門縣,857,2012,04
連江縣,878,2012,04
臺北市,896,2012,05
基隆市,890,2012,05
新北市,857,2012,05
宜蘭縣,790,2012,05
新竹市,800,2012,05
新竹縣,810,2012,05
桃園市,809,2012,05
苗栗縣,837,2012,05
臺中市,821,2012,05
彰化縣,788,2012,05
南投縣,821,2012,05
嘉義市,795,2012,05
嘉義縣,810,2012,05
雲林縣,822,2012,05
臺南市,797,2012,05
高雄市,804,2012,05
澎湖縣,842,2012,05
屏東縣,801,2012,05
臺東縣,865,2012,05
花蓮縣,840,2012,05
金門縣,827,2012,05
連江縣,848,2012,05
臺北市,871,2012,06
基隆市,858,2012,06
新北市,819,2012,06
宜蘭縣,769,2012,06
新竹市,785,2012,06
新竹縣,781,2012,06
桃園市,773,2012,06
苗栗縣,812,2012,06
臺中市,791,2012,06
彰化縣,762,2012,06
南投縣,790,2012,06
嘉義市,767,2012,06
嘉義縣,780,2012,06
雲林縣,791,2012,06
臺南市,772,2012,06
高雄市,780,2012,06
澎湖縣,805,2012,06
屏東縣,763,2012,06
臺東縣,832,2012,06
花蓮縣,819,2012,06
金門縣,798,2012,06
連江縣,818,2012,06
臺北市,849,2012,07
基隆市,821,2012,07
新北市,790,2012,07
宜蘭縣,743,2012,07
新竹市,762,2012,07
新竹縣,764,2012,07
桃園市,746,2012,07
苗栗縣,781,2012,07
臺中市,763,2012,07
彰化縣,726,2012,07
南投縣,756,2012,07
嘉義市,738,2012,07
嘉義縣,755,2012,07
雲林縣,760,2012,07
臺南市,740,2012,07
高雄市,748,2012,07
澎湖縣,775,2012,07
屏東縣,736,2012,07
臺東縣,800,2012,07
花蓮縣,779,2012,07
金門縣,770,2012,07
連江縣,788,2012,07
臺北市,887,2012,08
基隆市,892,2012,08
新北市,847,2012,08
宜蘭縣,796,2012,08
新竹市,788,2012,08
新竹縣,798,2012,08
桃園市,804,2012,08
苗栗縣,817,2012,08
臺中市,816,2012,08
彰化縣,780,2012,08
南投縣,801,2012,08
嘉義市,786,2012,08
嘉義縣,800,2012,08
雲林縣,810,2012,08
臺南市,787,2012,08
高雄市,797,2012,08
澎湖縣,828,2012,08
屏東縣,787,2012,08
臺東縣,860,2012,08
花蓮縣,837,2012,08
金門縣,818,2012,08
連江縣,838,2012,08
臺北市,938,2012,09
基隆市,918,2012,09
新北市,888,2012,09
宜蘭縣,843,2012,09
新竹市,860,2012,09
新竹縣,856,2012,09
桃園市,851,2012,09
苗栗縣,872,2012,09
臺中市,860,2012,09
彰化縣,830,2012,09
南投縣,856,2012,09
嘉義市,836,2012,09
嘉義縣,849,2012,09
雲林縣,860,2012,09
臺南市,839,2012,09
高雄市,846,2012,09
澎湖縣,878,2012,09
屏東縣,834,2012,09
臺東縣,908,2012,09
花蓮縣,898,2012,09
金門縣,868,2012,09
連江縣,888,2012,09
臺北市,948,2012,10
基隆市,916,2012,10
新北市,893,2012,10
宜蘭縣,842,2012,10
新竹市,855,2012,10
新竹縣,861,2012,10
桃園市,849,2012,10
苗栗縣,872,2012,10
臺中市,858,2012,10
彰化縣,826,2012,10
南投縣,854,2012,10
嘉義市,835,2012,10
嘉義縣,861,2012,10
雲林縣,860,2012,10
臺南市,846,2012,10
高雄市,844,2012,10
澎湖縣,876,2012,10
屏東縣,842,2012,10
臺東縣,902,2012,10
花蓮縣,887,2012,10
金門縣,867,2012,10
連江縣,888,2012,10
臺北市,932,2012,11
基隆市,925,2012,11
新北市,898,2012,11
宜蘭縣,838,2012,11
新竹市,835,2012,11
新竹縣,856,2012,11
桃園市,851,2012,11
苗栗縣,870,2012,11
臺中市,862,2012,11
彰化縣,833,2012,11
南投縣,863,2012,11
嘉義市,834,2012,11
嘉義縣,851,2012,11
雲林縣,862,2012,11
臺南市,837,2012,11
高雄市,846,2012,11
澎湖縣,881,2012,11
屏東縣,839,2012,11
臺東縣,918,2012,11
花蓮縣,892,2012,11
金門縣,867,2012,11
連江縣,888,2012,11
臺北市,940,2012,12
基隆市,938,2012,12
新北市,893,2012,12
宜蘭縣,844,2012,12
新竹市,862,2012,12
新竹縣,856,2012,12
桃園市,844,2012,12
苗栗縣,869,2012,12
臺中市,859,2012,12
彰化縣,829,2012,12
南投縣,859,2012,12
嘉義市,836,2012,12
嘉義縣,850,2012,12
雲林縣,859,2012,12
臺南市,841,2012,12
高雄市,844,2012,12
澎湖縣,878,2012,12
屏東縣,839,2012,12
臺東縣,900,2012,12
花蓮縣,897,2012,12
金門縣,868,2012,12
連江縣,888,2012,12
臺北市,943,2013,01
基隆市,917,2013,01
新北市,893,2013,01
宜蘭縣,842,2013,01
新竹市,860,2013,01
新竹縣,856,2013,01
桃園市,845,2013,01
苗栗縣,872,2013,01
臺中市,857,2013,01
彰化縣,826,2013,01
南投縣,858,2013,01
嘉義市,834,2013,01
嘉義縣,853,2013,01
雲林縣,858,2013,01
臺南市,844,2013,01
高雄市,845,2013,01
澎湖縣,877,2013,01
屏東縣,839,2013,01
臺東縣,902,2013,01
花蓮縣,887,2013,01
金門縣,868,2013,01
連江縣,888,2013,01
臺北市,932,2013,02
基隆市,925,2013,02
新北市,895,2013,02
宜蘭縣,836,2013,02
新竹市,840,2013,02
新竹縣,854,2013,02
桃園市,852,2013,02
苗栗縣,874,2013,02
臺中市,859,2013,02
彰化縣,829,2013,02
南投縣,860,2013,02
嘉義市,835,2013,02
嘉義縣,848,2013,02
雲林縣,862,2013,02
臺南市,839,2013,02
高雄市,846,2013,02
澎湖縣,881,2013,02
屏東縣,840,2013,02
臺東縣,905,2013,02
花蓮縣,891,2013,02
金門縣,868,2013,02
連江縣,888,2013,02
臺北市,944,2013,03
基隆市,932,2013,03
新北市,889,2013,03
宜蘭縣,836,2013,03
新竹市,862,2013,03
新竹縣,861,2013,03
桃園市,846,2013,03
苗栗縣,874,2013,03
臺中市,863,2013,03
彰化縣,831,2013,03
南投縣,859,2013,03
嘉義市,837,2013,03
嘉義縣,847,2013,03
雲林縣,859,2013,03
臺南市,840,2013,03
高雄市,848,2013,03
澎湖縣,878,2013,03
屏東縣,836,2013,03
臺東縣,902,2013,03
花蓮縣,894,2013,03
金門縣,868,2013,03
連江縣,888,2013,03
臺北市,944,2013,04
基隆市,910,2013,04
新北市,889,2013,04
宜蘭縣,835,2013,04
新竹市,850,2013,04
新竹縣,861,2013,04
桃園市,846,2013,04
苗栗縣,873,2013,04
臺中市,856,2013,04
彰化縣,826,2013,04
南投縣,856,2013,04
嘉義市,836,2013,04
嘉義縣,859,2013,04
雲林縣,860,2013,04
臺南市,843,2013,04
高雄市,844,2013,04
澎湖縣,878,2013,04
屏東縣,840,2013,04
臺東縣,903,2013,04
花蓮縣,887,2013,04
金門縣,868,2013,04
連江縣,888,2013,04
臺北市,937,2013,05
基隆市,944,2013,05
新北市,898,2013,05
宜蘭縣,834,2013,05
新竹市,842,2013,05
新竹縣,861,2013,05
桃園市,843,2013,05
苗栗縣,877,2013,05
臺中市,862,2013,05
彰化縣,830,2013,05
南投縣,861,2013,05
嘉義市,833,2013,05
嘉義縣,853,2013,05
雲林縣,860,2013,05
臺南市,838,2013,05
高雄市,844,2013,05
澎湖縣,882,2013,05
屏東縣,835,2013,05
臺東縣,906,2013,05
花蓮縣,888,2013,05
金門縣,868,2013,05
連江縣,888,2013,05
臺北市,947,2013,06
基隆市,940,2013,06
新北市,899,2013,06
宜蘭縣,851,2013,06
新竹市,872,2013,06
新竹縣,856,2013,06
桃園市,861,2013,06
苗栗縣,882,2013,06
臺中市,865,2013,06
彰化縣,840,2013,06
南投縣,866,2013,06
嘉義市,841,2013,06
嘉義縣,854,2013,06
雲林縣,864,2013,06
臺南市,850,2013,06
高雄市,855,2013,06
澎湖縣,883,2013,06
屏東縣,848,2013,06
臺東縣,912,2013,06
花蓮縣,899,2013,06
金門縣,868,2013,06
連江縣,895,2013,06
臺北市,978,2013,07
基隆市,952,2013,07
新北市,922,2013,07
宜蘭縣,866,2013,07
新竹市,890,2013,07
新竹縣,884,2013,07
桃園市,872,2013,07
苗栗縣,898,2013,07
臺中市,885,2013,07
彰化縣,855,2013,07
南投縣,881,2013,07
嘉義市,859,2013,07
嘉義縣,880,2013,07
雲林縣,881,2013,07
臺南市,870,2013,07
高雄市,872,2013,07
澎湖縣,900,2013,07
屏東縣,871,2013,07
臺東縣,933,2013,07
花蓮縣,905,2013,07
金門縣,887,2013,07
連江縣,915,2013,07
臺北市,976,2013,08
基隆市,971,2013,08
新北市,940,2013,08
宜蘭縣,876,2013,08
新竹市,884,2013,08
新竹縣,897,2013,08
桃園市,890,2013,08
苗栗縣,910,2013,08
臺中市,905,2013,08
彰化縣,871,2013,08
南投縣,896,2013,08
嘉義市,875,2013,08
嘉義縣,890,2013,08
雲林縣,895,2013,08
臺南市,880,2013,08
高雄市,886,2013,08
澎湖縣,915,2013,08
屏東縣,877,2013,08
臺東縣,951,2013,08
花蓮縣,927,2013,08
金門縣,898,2013,08
連江縣,928,2013,08
臺北市,1012,2013,09
基隆市,992,2013,09
新北市,965,2013,09
宜蘭縣,904,2013,09
新竹市,920,2013,09
新竹縣,915,2013,09
桃園市,915,2013,09
苗栗縣,940,2013,09
臺中市,927,2013,09
彰化縣,899,2013,09
南投縣,928,2013,09
嘉義市,903,2013,09
嘉義縣,916,2013,09
雲林縣,924,2013,09
臺南市,913,2013,09
高雄市,916,2013,09
澎湖縣,937,2013,09
屏東縣,905,2013,09
臺東縣,977,2013,09
花蓮縣,956,2013,09
金門縣,928,2013,09
連江縣,958,2013,09
臺北市,1009,2013,10
基隆市,990,2013,10
新北市,949,2013,10
宜蘭縣,906,2013,10
新竹市,898,2013,10
新竹縣,919,2013,10
桃園市,908,2013,10
苗栗縣,929,2013,10
臺中市,915,2013,10
彰化縣,887,2013,10
南投縣,908,2013,10
嘉義市,892,2013,10
嘉義縣,908,2013,10
雲林縣,914,2013,10
臺南市,903,2013,10
高雄市,904,2013,10
澎湖縣,930,2013,10
屏東縣,896,2013,10
臺東縣,952,2013,10
花蓮縣,945,2013,10
金門縣,919,2013,10
連江縣,948,2013,10
臺北市,1020,2013,11
基隆市,991,2013,11
新北市,973,2013,11
宜蘭縣,915,2013,11
新竹市,930,2013,11
新竹縣,926,2013,11
桃園市,929,2013,11
苗栗縣,950,2013,11
臺中市,937,2013,11
彰化縣,908,2013,11
南投縣,940,2013,11
嘉義市,916,2013,11
嘉義縣,928,2013,11
雲林縣,933,2013,11
臺南市,919,2013,11
高雄市,923,2013,11
澎湖縣,953,2013,11
屏東縣,910,2013,11
臺東縣,979,2013,11
花蓮縣,960,2013,11
金門縣,940,2013,11
連江縣,968,2013,11
臺北市,1028,2013,12
基隆市,1002,2013,12
新北市,990,2013,12
宜蘭縣,938,2013,12
新竹市,960,2013,12
新竹縣,945,2013,12
桃園市,948,2013,12
苗栗縣,969,2013,12
臺中市,956,2013,12
彰化縣,931,2013,12
南投縣,952,2013,12
嘉義市,926,2013,12
嘉義縣,931,2013,12
雲林縣,957,2013,12
臺南市,942,2013,12
高雄市,943,2013,12
澎湖縣,974,2013,12
屏東縣,932,2013,12
臺東縣,1003,2013,12
花蓮縣,992,2013,12
金門縣,959,2013,12
連江縣,988,2013,12
臺北市,973,2014,01
基隆市,934,2014,01
新北市,919,2014,01
宜蘭縣,862,2014,01
新竹市,882,2014,01
新竹縣,882,2014,01
桃園市,880,2014,01
苗栗縣,901,2014,01
臺中市,885,2014,01
彰化縣,858,2014,01
南投縣,880,2014,01
嘉義市,865,2014,01
嘉義縣,878,2014,01
雲林縣,884,2014,01
臺南市,876,2014,01
高雄市,876,2014,01
澎湖縣,893,2014,01
屏東縣,863,2014,01
臺東縣,930,2014,01
花蓮縣,922,2014,01
金門縣,889,2014,01
連江縣,918,2014,01
臺北市,963,2014,02
基隆市,946,2014,02
新北市,928,2014,02
宜蘭縣,865,2014,02
新竹市,872,2014,02
新竹縣,885,2014,02
桃園市,875,2014,02
苗栗縣,906,2014,02
臺中市,889,2014,02
彰化縣,864,2014,02
南投縣,890,2014,02
嘉義市,862,2014,02
嘉義縣,876,2014,02
雲林縣,884,2014,02
臺南市,873,2014,02
高雄市,876,2014,02
澎湖縣,893,2014,02
屏東縣,863,2014,02
臺東縣,932,2014,02
花蓮縣,914,2014,02
金門縣,888,2014,02
連江縣,918,2014,02
臺北市,944,2014,03
基隆市,938,2014,03
新北市,905,2014,03
宜蘭縣,844,2014,03
新竹市,875,2014,03
新竹縣,861,2014,03
桃園市,860,2014,03
苗栗縣,881,2014,03
臺中市,870,2014,03
彰化縣,845,2014,03
南投縣,871,2014,03
嘉義市,844,2014,03
嘉義縣,851,2014,03
雲林縣,865,2014,03
臺南市,853,2014,03
高雄市,854,2014,03
澎湖縣,873,2014,03
屏東縣,844,2014,03
臺東縣,915,2014,03
花蓮縣,897,2014,03
金門縣,868,2014,03
連江縣,898,2014,03
臺北市,962,2014,04
基隆市,930,2014,04
新北市,902,2014,04
宜蘭縣,848,2014,04
新竹市,868,2014,04
新竹縣,862,2014,04
桃園市,856,2014,04
苗栗縣,879,2014,04
臺中市,865,2014,04
彰化縣,840,2014,04
南投縣,864,2014,04
嘉義市,839,2014,04
嘉義縣,855,2014,04
雲林縣,864,2014,04
臺南市,855,2014,04
高雄市,853,2014,04
澎湖縣,872,2014,04
屏東縣,847,2014,04
臺東縣,914,2014,04
花蓮縣,892,2014,04
金門縣,869,2014,04
連江縣,898,2014,04
臺北市,986,2014,05
基隆市,962,2014,05
新北市,944,2014,05
宜蘭縣,886,2014,05
新竹市,882,2014,05
新竹縣,909,2014,05
桃園市,901,2014,05
苗栗縣,918,2014,05
臺中市,908,2014,05
彰化縣,880,2014,05
南投縣,906,2014,05
嘉義市,877,2014,05
嘉義縣,893,2014,05
雲林縣,901,2014,05
臺南市,893,2014,05
高雄市,893,2014,05
澎湖縣,908,2014,05
屏東縣,884,2014,05
臺東縣,957,2014,05
花蓮縣,935,2014,05
金門縣,908,2014,05
連江縣,932,2014,05
臺北市,983,2014,06
基隆市,978,2014,06
新北市,944,2014,06
宜蘭縣,890,2014,06
新竹市,895,2014,06
新竹縣,894,2014,06
桃園市,898,2014,06
苗栗縣,920,2014,06
臺中市,906,2014,06
彰化縣,881,2014,06
南投縣,905,2014,06
嘉義市,882,2014,06
嘉義縣,888,2014,06
雲林縣,901,2014,06
臺南市,893,2014,06
高雄市,894,2014,06
澎湖縣,908,2014,06
屏東縣,878,2014,06
臺東縣,963,2014,06
花蓮縣,942,2014,06
金門縣,908,2014,06
連江縣,932,2014,06
臺北市,1010,2014,07
基隆市,964,2014,07
新北市,948,2014,07
宜蘭縣,896,2014,07
新竹市,907,2014,07
新竹縣,919,2014,07
桃園市,904,2014,07
苗栗縣,925,2014,07
臺中市,914,2014,07
彰化縣,891,2014,07
南投縣,913,2014,07
嘉義市,889,2014,07
嘉義縣,906,2014,07
雲林縣,910,2014,07
臺南市,902,2014,07
高雄市,903,2014,07
澎湖縣,922,2014,07
屏東縣,894,2014,07
臺東縣,963,2014,07
花蓮縣,949,2014,07
金門縣,918,2014,07
連江縣,942,2014,07
臺北市,1003,2014,08
基隆市,961,2014,08
新北市,960,2014,08
宜蘭縣,897,2014,08
新竹市,897,2014,08
新竹縣,918,2014,08
桃園市,905,2014,08
苗栗縣,928,2014,08
臺中市,916,2014,08
彰化縣,893,2014,08
南投縣,916,2014,08
嘉義市,886,2014,08
嘉義縣,901,2014,08
雲林縣,909,2014,08
臺南市,902,2014,08
高雄市,904,2014,08
澎湖縣,910,2014,08
屏東縣,890,2014,08
臺東縣,961,2014,08
花蓮縣,945,2014,08
金門縣,918,2014,08
連江縣,942,2014,08
臺北市,1002,2014,09
基隆市,988,2014,09
新北市,948,2014,09
宜蘭縣,891,2014,09
新竹市,902,2014,09
新竹縣,909,2014,09
桃園市,909,2014,09
苗栗縣,929,2014,09
臺中市,920,2014,09
彰化縣,890,2014,09
南投縣,916,2014,09
嘉義市,890,2014,09
嘉義縣,899,2014,09
雲林縣,907,2014,09
臺南市,902,2014,09
高雄市,906,2014,09
澎湖縣,911,2014,09
屏東縣,891,2014,09
臺東縣,963,2014,09
花蓮縣,954,2014,09
金門縣,918,2014,09
連江縣,942,2014,09
臺北市,1006,2014,10
基隆市,969,2014,10
新北市,951,2014,10
宜蘭縣,899,2014,10
新竹市,913,2014,10
新竹縣,918,2014,10
桃園市,906,2014,10
苗栗縣,925,2014,10
臺中市,913,2014,10
彰化縣,888,2014,10
南投縣,909,2014,10
嘉義市,887,2014,10
嘉義縣,904,2014,10
雲林縣,912,2014,10
臺南市,902,2014,10
高雄市,902,2014,10
澎湖縣,912,2014,10
屏東縣,892,2014,10
臺東縣,963,2014,10
花蓮縣,946,2014,10
金門縣,918,2014,10
連江縣,942,2014,10
臺北市,946,2014,11
基隆市,920,2014,11
新北市,908,2014,11
宜蘭縣,843,2014,11
新竹市,863,2014,11
新竹縣,869,2014,11
桃園市,857,2014,11
苗栗縣,878,2014,11
臺中市,873,2014,11
彰化縣,842,2014,11
南投縣,870,2014,11
嘉義市,838,2014,11
嘉義縣,846,2014,11
雲林縣,857,2014,11
臺南市,855,2014,11
高雄市,851,2014,11
澎湖縣,864,2014,11
屏東縣,843,2014,11
臺東縣,914,2014,11
花蓮縣,900,2014,11
金門縣,868,2014,11
連江縣,892,2014,11
臺北市,919,2014,12
基隆市,912,2014,12
新北市,875,2014,12
宜蘭縣,815,2014,12
新竹市,832,2014,12
新竹縣,826,2014,12
桃園市,826,2014,12
苗栗縣,852,2014,12
臺中市,837,2014,12
彰化縣,811,2014,12
南投縣,832,2014,12
嘉義市,810,2014,12
嘉義縣,810,2014,12
雲林縣,831,2014,12
臺南市,825,2014,12
高雄市,825,2014,12
澎湖縣,837,2014,12
屏東縣,815,2014,12
臺東縣,888,2014,12
花蓮縣,871,2014,12
金門縣,838,2014,12
連江縣,862,2014,12
臺北市,836,2015,01
基隆市,817,2015,01
新北市,782,2015,01
宜蘭縣,726,2015,01
新竹市,744,2015,01
新竹縣,738,2015,01
桃園市,739,2015,01
苗栗縣,760,2015,01
臺中市,748,2015,01
彰化縣,724,2015,01
南投縣,735,2015,01
嘉義市,722,2015,01
嘉義縣,727,2015,01
雲林縣,736,2015,01
臺南市,734,2015,01
高雄市,733,2015,01
澎湖縣,753,2015,01
屏東縣,720,2015,01
臺東縣,770,2015,01
花蓮縣,776,2015,01
金門縣,748,2015,01
連江縣,772,2015,01
臺北市,856,2015,02
基隆市,831,2015,02
新北市,803,2015,02
宜蘭縣,743,2015,02
新竹市,767,2015,02
新竹縣,772,2015,02
桃園市,751,2015,02
苗栗縣,778,2015,02
臺中市,763,2015,02
彰化縣,739,2015,02
南投縣,750,2015,02
嘉義市,735,2015,02
嘉義縣,740,2015,02
雲林縣,758,2015,02
臺南市,755,2015,02
高雄市,752,2015,02
澎湖縣,773,2015,02
屏東縣,739,2015,02
臺東縣,788,2015,02
花蓮縣,797,2015,02
金門縣,768,2015,02
連江縣,792,2015,02
臺北市,885,2015,03
基隆市,874,2015,03
新北市,834,2015,03
宜蘭縣,774,2015,03
新竹市,798,2015,03
新竹縣,796,2015,03
桃園市,788,2015,03
苗栗縣,808,2015,03
臺中市,793,2015,03
彰化縣,773,2015,03
南投縣,783,2015,03
嘉義市,768,2015,03
嘉義縣,776,2015,03
雲林縣,786,2015,03
臺南市,785,2015,03
高雄市,781,2015,03
澎湖縣,803,2015,03
屏東縣,766,2015,03
臺東縣,820,2015,03
花蓮縣,824,2015,03
金門縣,800,2015,03
連江縣,820,2015,03
臺北市,877,2015,04
基隆市,860,2015,04
新北市,825,2015,04
宜蘭縣,760,2015,04
新竹市,779,2015,04
新竹縣,781,2015,04
桃園市,770,2015,04
苗栗縣,796,2015,04
臺中市,783,2015,04
彰化縣,762,2015,04
南投縣,772,2015,04
嘉義市,761,2015,04
嘉義縣,761,2015,04
雲林縣,776,2015,04
臺南市,773,2015,04
高雄市,772,2015,04
澎湖縣,793,2015,04
屏東縣,758,2015,04
臺東縣,809,2015,04
花蓮縣,818,2015,04
金門縣,790,2015,04
連江縣,810,2015,04
臺北市,863,2015,05
基隆市,843,2015,05
新北市,815,2015,05
宜蘭縣,754,2015,05
新竹市,770,2015,05
新竹縣,778,2015,05
桃園市,766,2015,05
苗栗縣,787,2015,05
臺中市,776,2015,05
彰化縣,749,2015,05
南投縣,760,2015,05
嘉義市,746,2015,05
嘉義縣,750,2015,05
雲林縣,766,2015,05
臺南市,763,2015,05
高雄市,764,2015,05
澎湖縣,782,2015,05
屏東縣,746,2015,05
臺東縣,796,2015,05
花蓮縣,808,2015,05
金門縣,780,2015,05
連江縣,800,2015,05
臺北市,829,2015,06
基隆市,824,2015,06
新北市,785,2015,06
宜蘭縣,726,2015,06
新竹市,746,2015,06
新竹縣,744,2015,06
桃園市,736,2015,06
苗栗縣,760,2015,06
臺中市,745,2015,06
彰化縣,722,2015,06
南投縣,733,2015,06
嘉義市,711,2015,06
嘉義縣,726,2015,06
雲林縣,736,2015,06
臺南市,738,2015,06
高雄市,735,2015,06
澎湖縣,760,2015,06
屏東縣,720,2015,06
臺東縣,766,2015,06
花蓮縣,782,2015,06
金門縣,757,2015,06
連江縣,770,2015,06
臺北市,832,2015,07
基隆市,818,2015,07
新北市,785,2015,07
宜蘭縣,726,2015,07
新竹市,752,2015,07
新竹縣,740,2015,07
桃園市,736,2015,07
苗栗縣,758,2015,07
臺中市,748,2015,07
彰化縣,720,2015,07
南投縣,730,2015,07
嘉義市,716,2015,07
嘉義縣,723,2015,07
雲林縣,736,2015,07
臺南市,735,2015,07
高雄市,735,2015,07
澎湖縣,759,2015,07
屏東縣,719,2015,07
臺東縣,766,2015,07
花蓮縣,781,2015,07
金門縣,760,2015,07
連江縣,770,2015,07
臺北市,833,2015,08
基隆市,805,2015,08
新北市,779,2015,08
宜蘭縣,715,2015,08
新竹市,758,2015,08
新竹縣,737,2015,08
桃園市,728,2015,08
苗栗縣,747,2015,08
臺中市,736,2015,08
彰化縣,714,2015,08
南投縣,722,2015,08
嘉義市,706,2015,08
嘉義縣,711,2015,08
雲林縣,726,2015,08
臺南市,728,2015,08
高雄市,726,2015,08
澎湖縣,759,2015,08
屏東縣,711,2015,08
臺東縣,764,2015,08
花蓮縣,769,2015,08
金門縣,752,2015,08
連江縣,760,2015,08
臺北市,780,2015,09
基隆市,753,2015,09
新北市,724,2015,09
宜蘭縣,656,2015,09
新竹市,687,2015,09
新竹縣,670,2015,09
桃園市,673,2015,09
苗栗縣,690,2015,09
臺中市,675,2015,09
彰化縣,654,2015,09
南投縣,668,2015,09
嘉義市,654,2015,09
嘉義縣,655,2015,09
雲林縣,669,2015,09
臺南市,671,2015,09
高雄市,669,2015,09
澎湖縣,702,2015,09
屏東縣,657,2015,09
臺東縣,706,2015,09
花蓮縣,716,2015,09
金門縣,708,2015,09
連江縣,700,2015,09
臺北市,798,2015,10
基隆市,775,2015,10
新北市,743,2015,10
宜蘭縣,686,2015,10
新竹市,722,2015,10
新竹縣,696,2015,10
桃園市,697,2015,10
苗栗縣,717,2015,10
臺中市,702,2015,10
彰化縣,680,2015,10
南投縣,695,2015,10
嘉義市,677,2015,10
嘉義縣,674,2015,10
雲林縣,692,2015,10
臺南市,702,2015,10
高雄市,691,2015,10
澎湖縣,722,2015,10
屏東縣,679,2015,10
臺東縣,720,2015,10
花蓮縣,739,2015,10
金門縣,728,2015,10
連江縣,725,2015,10
臺北市,837,2015,11
基隆市,804,2015,11
新北市,779,2015,11
宜蘭縣,717,2015,11
新竹市,758,2015,11
新竹縣,742,2015,11
桃園市,732,2015,11
苗栗縣,751,2015,11
臺中市,739,2015,11
彰化縣,710,2015,11
南投縣,728,2015,11
嘉義市,703,2015,11
嘉義縣,713,2015,11
雲林縣,724,2015,11
臺南市,734,2015,11
高雄市,728,2015,11
澎湖縣,762,2015,11
屏東縣,718,2015,11
臺東縣,770,2015,11
花蓮縣,773,2015,11
金門縣,760,2015,11
連江縣,760,2015,11
臺北市,878,2015,12
基隆市,838,2015,12
新北市,817,2015,12
宜蘭縣,755,2015,12
新竹市,783,2015,12
新竹縣,773,2015,12
桃園市,762,2015,12
苗栗縣,787,2015,12
臺中市,775,2015,12
彰化縣,748,2015,12
南投縣,764,2015,12
嘉義市,737,2015,12
嘉義縣,744,2015,12
雲林縣,757,2015,12
臺南市,769,2015,12
高雄市,764,2015,12
澎湖縣,802,2015,12
屏東縣,753,2015,12
臺東縣,801,2015,12
花蓮縣,805,2015,12
金門縣,790,2015,12
連江縣,795,2015,12
臺北市,798,2016,01
基隆市,770,2016,01
新北市,743,2016,01
宜蘭縣,684,2016,01
新竹市,708,2016,01
新竹縣,699,2016,01
桃園市,685,2016,01
苗栗縣,712,2016,01
臺中市,698,2016,01
彰化縣,671,2016,01
南投縣,688,2016,01
嘉義市,661,2016,01
嘉義縣,667,2016,01
雲林縣,679,2016,01
臺南市,693,2016,01
高雄市,687,2016,01
澎湖縣,722,2016,01
屏東縣,675,2016,01
臺東縣,726,2016,01
花蓮縣,729,2016,01
金門縣,720,2016,01
連江縣,720,2016,01
臺北市,739,2016,02
基隆市,708,2016,02
新北市,684,2016,02
宜蘭縣,619,2016,02
新竹市,646,2016,02
新竹縣,633,2016,02
桃園市,628,2016,02
苗栗縣,655,2016,02
臺中市,639,2016,02
彰化縣,609,2016,02
南投縣,628,2016,02
嘉義市,607,2016,02
嘉義縣,607,2016,02
雲林縣,619,2016,02
臺南市,636,2016,02
高雄市,629,2016,02
澎湖縣,662,2016,02
屏東縣,620,2016,02
臺東縣,667,2016,02
花蓮縣,660,2016,02
金門縣,668,2016,02
連江縣,660,2016,02
臺北市,730,2016,03
基隆市,699,2016,03
新北市,676,2016,03
宜蘭縣,609,2016,03
新竹市,640,2016,03
新竹縣,627,2016,03
桃園市,624,2016,03
苗栗縣,646,2016,03
臺中市,631,2016,03
彰化縣,600,2016,03
南投縣,619,2016,03
嘉義市,594,2016,03
嘉義縣,600,2016,03
雲林縣,608,2016,03
臺南市,630,2016,03
高雄市,623,2016,03
澎湖縣,664,2016,03
屏東縣,611,2016,03
臺東縣,664,2016,03
花蓮縣,672,2016,03
金門縣,668,2016,03
連江縣,655,2016,03
臺北市,736,2016,04
基隆市,705,2016,04
新北市,685,2016,04
宜蘭縣,620,2016,04
新竹市,642,2016,04
新竹縣,641,2016,04
桃園市,633,2016,04
苗栗縣,652,2016,04
臺中市,639,2016,04
彰化縣,608,2016,04
南投縣,629,2016,04
嘉義市,597,2016,04
嘉義縣,608,2016,04
雲林縣,621,2016,04
臺南市,637,2016,04
高雄市,632,2016,04
澎湖縣,671,2016,04
屏東縣,621,2016,04
臺東縣,667,2016,04
花蓮縣,682,2016,04
金門縣,678,2016,04
連江縣,665,2016,04
臺北市,753,2016,05
基隆市,719,2016,05
新北市,692,2016,05
宜蘭縣,628,2016,05
新竹市,660,2016,05
新竹縣,648,2016,05
桃園市,643,2016,05
苗栗縣,659,2016,05
臺中市,649,2016,05
彰化縣,619,2016,05
南投縣,640,2016,05
嘉義市,606,2016,05
嘉義縣,616,2016,05
雲林縣,627,2016,05
臺南市,646,2016,05
高雄市,638,2016,05
澎湖縣,681,2016,05
屏東縣,628,2016,05
臺東縣,679,2016,05
花蓮縣,688,2016,05
金門縣,685,2016,05
連江縣,672,2016,05
臺北市,750,2016,06
基隆市,719,2016,06
新北市,690,2016,06
宜蘭縣,629,2016,06
新竹市,667,2016,06
新竹縣,642,2016,06
桃園市,638,2016,06
苗栗縣,658,2016,06
臺中市,648,2016,06
彰化縣,620,2016,06
南投縣,637,2016,06
嘉義市,616,2016,06
嘉義縣,610,2016,06
雲林縣,627,2016,06
臺南市,649,2016,06
高雄市,638,2016,06
澎湖縣,681,2016,06
屏東縣,630,2016,06
臺東縣,675,2016,06
花蓮縣,683,2016,06
金門縣,683,2016,06
連江縣,672,2016,06
臺北市,715,2016,07
基隆市,673,2016,07
新北市,652,2016,07
宜蘭縣,587,2016,07
新竹市,623,2016,07
新竹縣,607,2016,07
桃園市,599,2016,07
苗栗縣,620,2016,07
臺中市,609,2016,07
彰化縣,580,2016,07
南投縣,602,2016,07
嘉義市,574,2016,07
嘉義縣,577,2016,07
雲林縣,587,2016,07
臺南市,609,2016,07
高雄市,600,2016,07
澎湖縣,642,2016,07
屏東縣,591,2016,07
臺東縣,645,2016,07
花蓮縣,640,2016,07
金門縣,650,2016,07
連江縣,632,2016,07
臺北市,696,2016,08
基隆市,670,2016,08
新北市,642,2016,08
宜蘭縣,573,2016,08
新竹市,611,2016,08
新竹縣,598,2016,08
桃園市,587,2016,08
苗栗縣,605,2016,08
臺中市,592,2016,08
彰化縣,562,2016,08
南投縣,584,2016,08
嘉義市,552,2016,08
嘉義縣,559,2016,08
雲林縣,571,2016,08
臺南市,595,2016,08
高雄市,588,2016,08
澎湖縣,636,2016,08
屏東縣,575,2016,08
臺東縣,629,2016,08
花蓮縣,633,2016,08
金門縣,640,2016,08
連江縣,620,2016,08
臺北市,711,2016,09
基隆市,681,2016,09
新北市,651,2016,09
宜蘭縣,584,2016,09
新竹市,626,2016,09
新竹縣,602,2016,09
桃園市,592,2016,09
苗栗縣,612,2016,09
臺中市,606,2016,09
彰化縣,577,2016,09
南投縣,590,2016,09
嘉義市,563,2016,09
嘉義縣,569,2016,09
雲林縣,580,2016,09
臺南市,604,2016,09
高雄市,597,2016,09
澎湖縣,646,2016,09
屏東縣,585,2016,09
臺東縣,641,2016,09
花蓮縣,635,2016,09
金門縣,648,2016,09
連江縣,622,2016,09
臺北市,751,2016,10
基隆市,718,2016,10
新北市,692,2016,10
宜蘭縣,622,2016,10
新竹市,668,2016,10
新竹縣,647,2016,10
桃園市,636,2016,10
苗栗縣,656,2016,10
臺中市,646,2016,10
彰化縣,614,2016,10
南投縣,632,2016,10
嘉義市,603,2016,10
嘉義縣,607,2016,10
雲林縣,620,2016,10
臺南市,644,2016,10
高雄市,635,2016,10
澎湖縣,687,2016,10
屏東縣,627,2016,10
臺東縣,678,2016,10
花蓮縣,681,2016,10
金門縣,688,2016,10
連江縣,662,2016,10
臺北市,769,2016,11
基隆市,738,2016,11
新北市,709,2016,11
宜蘭縣,641,2016,11
新竹市,688,2016,11
新竹縣,663,2016,11
桃園市,655,2016,11
苗栗縣,676,2016,11
臺中市,666,2016,11
彰化縣,630,2016,11
南投縣,650,2016,11
嘉義市,629,2016,11
嘉義縣,627,2016,11
雲林縣,641,2016,11
臺南市,664,2016,11
高雄市,655,2016,11
澎湖縣,706,2016,11
屏東縣,645,2016,11
臺東縣,701,2016,11
花蓮縣,697,2016,11
金門縣,710,2016,11
連江縣,682,2016,11
臺北市,768,2016,12
基隆市,743,2016,12
新北市,707,2016,12
宜蘭縣,645,2016,12
新竹市,688,2016,12
新竹縣,664,2016,12
桃園市,657,2016,12
苗栗縣,671,2016,12
臺中市,664,2016,12
彰化縣,630,2016,12
南投縣,651,2016,12
嘉義市,631,2016,12
嘉義縣,628,2016,12
雲林縣,639,2016,12
臺南市,666,2016,12
高雄市,656,2016,12
澎湖縣,706,2016,12
屏東縣,644,2016,12
臺東縣,698,2016,12
花蓮縣,702,2016,12
金門縣,710,2016,12
連江縣,682,2016,12
臺北市,786,2017,01
基隆市,751,2017,01
新北市,728,2017,01
宜蘭縣,662,2017,01
新竹市,708,2017,01
新竹縣,681,2017,01
桃園市,678,2017,01
苗栗縣,694,2017,01
臺中市,689,2017,01
彰化縣,651,2017,01
南投縣,667,2017,01
嘉義市,649,2017,01
嘉義縣,648,2017,01
雲林縣,660,2017,01
臺南市,688,2017,01
高雄市,676,2017,01
澎湖縣,726,2017,01
屏東縣,664,2017,01
臺東縣,718,2017,01
花蓮縣,721,2017,01
金門縣,727,2017,01
連江縣,702,2017,01
臺北市,784,2017,02
基隆市,760,2017,02
新北市,731,2017,02
宜蘭縣,662,2017,02
新竹市,702,2017,02
新竹縣,684,2017,02
桃園市,675,2017,02
苗栗縣,695,2017,02
臺中市,685,2017,02
彰化縣,651,2017,02
南投縣,665,2017,02
嘉義市,648,2017,02
嘉義縣,646,2017,02
雲林縣,658,2017,02
臺南市,686,2017,02
高雄市,678,2017,02
澎湖縣,726,2017,02
屏東縣,664,2017,02
臺東縣,720,2017,02
花蓮縣,717,2017,02
金門縣,730,2017,02
連江縣,702,2017,02
臺北市,792,2017,03
基隆市,755,2017,03
新北市,729,2017,03
宜蘭縣,664,2017,03
新竹市,696,2017,03
新竹縣,684,2017,03
桃園市,673,2017,03
苗栗縣,693,2017,03
臺中市,686,2017,03
彰化縣,653,2017,03
南投縣,665,2017,03
嘉義市,646,2017,03
嘉義縣,647,2017,03
雲林縣,658,2017,03
臺南市,685,2017,03
高雄市,680,2017,03
澎湖縣,726,2017,03
屏東縣,665,2017,03
臺東縣,716,2017,03
花蓮縣,719,2017,03
金門縣,730,2017,03
連江縣,702,2017,03
臺北市,788,2017,04
基隆市,751,2017,04
新北市,729,2017,04
宜蘭縣,663,2017,04
新竹市,696,2017,04
新竹縣,681,2017,04
桃園市,676,2017,04
苗栗縣,690,2017,04
臺中市,685,2017,04
彰化縣,653,2017,04
南投縣,664,2017,04
嘉義市,647,2017,04
嘉義縣,647,2017,04
雲林縣,658,2017,04
臺南市,685,2017,04
高雄市,678,2017,04
澎湖縣,726,2017,04
屏東縣,664,2017,04
臺東縣,718,2017,04
花蓮縣,718,2017,04
金門縣,730,2017,04
連江縣,702,2017,04
臺北市,788,2017,05
基隆市,748,2017,05
新北市,728,2017,05
宜蘭縣,664,2017,05
新竹市,696,2017,05
新竹縣,684,2017,05
桃園市,676,2017,05
苗栗縣,690,2017,05
臺中市,686,2017,05
彰化縣,651,2017,05
南投縣,665,2017,05
嘉義市,649,2017,05
嘉義縣,647,2017,05
雲林縣,660,2017,05
臺南市,689,2017,05
高雄市,678,2017,05
澎湖縣,726,2017,05
屏東縣,664,2017,05
臺東縣,718,2017,05
花蓮縣,718,2017,05
金門縣,728,2017,05
連江縣,702,2017,05
臺北市,785,2017,06
基隆市,753,2017,06
新北市,730,2017,06
宜蘭縣,660,2017,06
新竹市,698,2017,06
新竹縣,684,2017,06
桃園市,676,2017,06
苗栗縣,690,2017,06
臺中市,688,2017,06
彰化縣,653,2017,06
南投縣,666,2017,06
嘉義市,645,2017,06
嘉義縣,646,2017,06
雲林縣,659,2017,06
臺南市,686,2017,06
高雄市,680,2017,06
澎湖縣,726,2017,06
屏東縣,664,2017,06
臺東縣,717,2017,06
花蓮縣,717,2017,06
金門縣,728,2017,06
連江縣,702,2017,06
臺北市,757,2017,07
基隆市,724,2017,07
新北市,702,2017,07
宜蘭縣,633,2017,07
新竹市,667,2017,07
新竹縣,656,2017,07
桃園市,644,2017,07
苗栗縣,660,2017,07
臺中市,660,2017,07
彰化縣,624,2017,07
南投縣,637,2017,07
嘉義市,615,2017,07
嘉義縣,618,2017,07
雲林縣,628,2017,07
臺南市,657,2017,07
高雄市,650,2017,07
澎湖縣,705,2017,07
屏東縣,637,2017,07
臺東縣,686,2017,07
花蓮縣,692,2017,07
金門縣,700,2017,07
連江縣,672,2017,07
臺北市,821,2017,08
基隆市,797,2017,08
新北市,772,2017,08
宜蘭縣,704,2017,08
新竹市,742,2017,08
新竹縣,721,2017,08
桃園市,717,2017,08
苗栗縣,732,2017,08
臺中市,728,2017,08
彰化縣,695,2017,08
南投縣,706,2017,08
嘉義市,688,2017,08
嘉義縣,688,2017,08
雲林縣,698,2017,08
臺南市,727,2017,08
高雄市,720,2017,08
澎湖縣,775,2017,08
屏東縣,703,2017,08
臺東縣,754,2017,08
花蓮縣,759,2017,08
金門縣,768,2017,08
連江縣,740,2017,08
臺北市,862,2017,09
基隆市,832,2017,09
新北市,809,2017,09
宜蘭縣,743,2017,09
新竹市,780,2017,09
新竹縣,761,2017,09
桃園市,755,2017,09
苗栗縣,768,2017,09
臺中市,766,2017,09
彰化縣,732,2017,09
南投縣,746,2017,09
嘉義市,731,2017,09
嘉義縣,728,2017,09
雲林縣,737,2017,09
臺南市,765,2017,09
高雄市,761,2017,09
澎湖縣,813,2017,09
屏東縣,741,2017,09
臺東縣,794,2017,09
花蓮縣,802,2017,09
金門縣,807,2017,09
連江縣,780,2017,09
臺北市,935,2017,10
基隆市,911,2017,10
新北市,882,2017,10
宜蘭縣,812,2017,10
新竹市,852,2017,10
新竹縣,833,2017,10
桃園市,825,2017,10
苗栗縣,838,2017,10
臺中市,838,2017,10
彰化縣,801,2017,10
南投縣,814,2017,10
嘉義市,796,2017,10
嘉義縣,795,2017,10
雲林縣,805,2017,10
臺南市,837,2017,10
高雄市,831,2017,10
澎湖縣,884,2017,10
屏東縣,815,2017,10
臺東縣,867,2017,10
花蓮縣,869,2017,10
金門縣,878,2017,10
連江縣,852,2017,10
臺北市,938,2017,11
基隆市,905,2017,11
新北市,883,2017,11
宜蘭縣,813,2017,11
新竹市,852,2017,11
新竹縣,836,2017,11
桃園市,827,2017,11
苗栗縣,836,2017,11
臺中市,837,2017,11
彰化縣,801,2017,11
南投縣,816,2017,11
嘉義市,798,2017,11
嘉義縣,796,2017,11
雲林縣,807,2017,11
臺南市,840,2017,11
高雄市,829,2017,11
澎湖縣,884,2017,11
屏東縣,814,2017,11
臺東縣,866,2017,11
花蓮縣,870,2017,11
金門縣,880,2017,11
連江縣,852,2017,11
臺北市,938,2017,12
基隆市,907,2017,12
新北市,884,2017,12
宜蘭縣,814,2017,12
新竹市,856,2017,12
新竹縣,837,2017,12
桃園市,824,2017,12
苗栗縣,838,2017,12
臺中市,835,2017,12
彰化縣,803,2017,12
南投縣,816,2017,12
嘉義市,799,2017,12
嘉義縣,795,2017,12
雲林縣,806,2017,12
臺南市,837,2017,12
高雄市,830,2017,12
澎湖縣,879,2017,12
屏東縣,813,2017,12
臺東縣,866,2017,12
花蓮縣,864,2017,12
金門縣,880,2017,12
連江縣,852,2017,12
臺北市,935,2018,01
基隆市,907,2018,01
新北市,883,2018,01
宜蘭縣,814,2018,01
新竹市,852,2018,01
新竹縣,836,2018,01
桃園市,826,2018,01
苗栗縣,837,2018,01
臺中市,835,2018,01
彰化縣,803,2018,01
南投縣,812,2018,01
嘉義市,795,2018,01
嘉義縣,795,2018,01
雲林縣,809,2018,01
臺南市,837,2018,01
高雄市,831,2018,01
澎湖縣,884,2018,01
屏東縣,813,2018,01
臺東縣,865,2018,01
花蓮縣,865,2018,01
金門縣,878,2018,01
連江縣,852,2018,01
臺北市,886,2018,02
基隆市,850,2018,02
新北市,832,2018,02
宜蘭縣,763,2018,02
新竹市,806,2018,02
新竹縣,785,2018,02
桃園市,778,2018,02
苗栗縣,789,2018,02
臺中市,787,2018,02
彰化縣,753,2018,02
南投縣,766,2018,02
嘉義市,748,2018,02
嘉義縣,749,2018,02
雲林縣,759,2018,02
臺南市,784,2018,02
高雄市,781,2018,02
澎湖縣,835,2018,02
屏東縣,763,2018,02
臺東縣,810,2018,02
花蓮縣,816,2018,02
金門縣,828,2018,02
連江縣,802,2018,02
臺北市,852,2018,03
基隆市,819,2018,03
新北市,798,2018,03
宜蘭縣,730,2018,03
新竹市,768,2018,03
新竹縣,753,2018,03
桃園市,739,2018,03
苗栗縣,755,2018,03
臺中市,755,2018,03
彰化縣,718,2018,03
南投縣,729,2018,03
嘉義市,711,2018,03
嘉義縣,712,2018,03
雲林縣,722,2018,03
臺南市,754,2018,03
高雄市,747,2018,03
澎湖縣,806,2018,03
屏東縣,731,2018,03
臺東縣,775,2018,03
花蓮縣,781,2018,03
金門縣,800,2018,03
連江縣,772,2018,03
臺北市,854,2018,04
基隆市,818,2018,04
新北市,793,2018,04
宜蘭縣,730,2018,04
新竹市,766,2018,04
新竹縣,747,2018,04
桃園市,739,2018,04
苗栗縣,755,2018,04
臺中市,755,2018,04
彰化縣,717,2018,04
南投縣,732,2018,04
嘉義市,710,2018,04
嘉義縣,711,2018,04
雲林縣,720,2018,04
臺南市,753,2018,04
高雄市,745,2018,04
澎湖縣,806,2018,04
屏東縣,730,2018,04
臺東縣,776,2018,04
花蓮縣,776,2018,04
金門縣,798,2018,04
連江縣,772,2018,04
臺北市,876,2018,05
基隆市,839,2018,05
新北市,815,2018,05
宜蘭縣,749,2018,05
新竹市,787,2018,05
新竹縣,768,2018,05
桃園市,757,2018,05
苗栗縣,772,2018,05
臺中市,774,2018,05
彰化縣,739,2018,05
南投縣,753,2018,05
嘉義市,732,2018,05
嘉義縣,730,2018,05
雲林縣,740,2018,05
臺南市,772,2018,05
高雄市,765,2018,05
澎湖縣,826,2018,05
屏東縣,749,2018,05
臺東縣,798,2018,05
花蓮縣,801,2018,05
金門縣,820,2018,05
連江縣,792,2018,05
臺北市,873,2018,06
基隆市,841,2018,06
新北市,819,2018,06
宜蘭縣,749,2018,06
新竹市,788,2018,06
新竹縣,771,2018,06
桃園市,758,2018,06
苗栗縣,774,2018,06
臺中市,772,2018,06
彰化縣,736,2018,06
南投縣,755,2018,06
嘉義市,728,2018,06
嘉義縣,729,2018,06
雲林縣,738,2018,06
臺南市,772,2018,06
高雄市,765,2018,06
澎湖縣,845,2018,06
屏東縣,749,2018,06
臺東縣,802,2018,06
花蓮縣,798,2018,06
金門縣,820,2018,06
連江縣,792,2018,06
臺北市,876,2018,07
基隆市,844,2018,07
新北市,825,2018,07
宜蘭縣,756,2018,07
新竹市,798,2018,07
新竹縣,779,2018,07
桃園市,765,2018,07
苗栗縣,778,2018,07
臺中市,775,2018,07
彰化縣,745,2018,07
南投縣,760,2018,07
嘉義市,734,2018,07
嘉義縣,735,2018,07
雲林縣,746,2018,07
臺南市,782,2018,07
高雄市,774,2018,07
澎湖縣,854,2018,07
屏東縣,758,2018,07
臺東縣,809,2018,07
花蓮縣,803,2018,07
金門縣,828,2018,07
連江縣,802,2018,07
臺北市,913,2018,08
基隆市,882,2018,08
新北市,858,2018,08
宜蘭縣,794,2018,08
新竹市,836,2018,08
新竹縣,818,2018,08
桃園市,802,2018,08
苗栗縣,818,2018,08
臺中市,813,2018,08
彰化縣,782,2018,08
南投縣,802,2018,08
嘉義市,776,2018,08
嘉義縣,776,2018,08
雲林縣,785,2018,08
臺南市,819,2018,08
高雄市,814,2018,08
澎湖縣,895,2018,08
屏東縣,799,2018,08
臺東縣,850,2018,08
花蓮縣,840,2018,08
金門縣,868,2018,08
連江縣,842,2018,08
臺北市,919,2018,09
基隆市,886,2018,09
新北市,858,2018,09
宜蘭縣,797,2018,09
新竹市,834,2018,09
新竹縣,816,2018,09
桃園市,801,2018,09
苗栗縣,820,2018,09
臺中市,812,2018,09
彰化縣,783,2018,09
南投縣,798,2018,09
嘉義市,776,2018,09
嘉義縣,778,2018,09
雲林縣,787,2018,09
臺南市,820,2018,09
高雄市,813,2018,09
澎湖縣,895,2018,09
屏東縣,800,2018,09
臺東縣,847,2018,09
花蓮縣,842,2018,09
金門縣,870,2018,09
連江縣,842,2018,09
臺北市,949,2018,10
基隆市,908,2018,10
新北市,890,2018,10
宜蘭縣,828,2018,10
新竹市,862,2018,10
新竹縣,850,2018,10
桃園市,832,2018,10
苗栗縣,848,2018,10
臺中市,842,2018,10
彰化縣,813,2018,10
南投縣,828,2018,10
嘉義市,803,2018,10
嘉義縣,809,2018,10
雲林縣,817,2018,10
臺南市,850,2018,10
高雄市,845,2018,10
澎湖縣,925,2018,10
屏東縣,830,2018,10
臺東縣,878,2018,10
花蓮縣,875,2018,10
金門縣,900,2018,10
連江縣,878,2018,10
臺北市,899,2018,11
基隆市,862,2018,11
新北市,841,2018,11
宜蘭縣,776,2018,11
新竹市,812,2018,11
新竹縣,798,2018,11
桃園市,787,2018,11
苗栗縣,798,2018,11
臺中市,797,2018,11
彰化縣,764,2018,11
南投縣,780,2018,11
嘉義市,757,2018,11
嘉義縣,755,2018,11
雲林縣,766,2018,11
臺南市,798,2018,11
高雄市,793,2018,11
澎湖縣,875,2018,11
屏東縣,782,2018,11
臺東縣,829,2018,11
花蓮縣,828,2018,11
金門縣,840,2018,11
連江縣,828,2018,11
臺北市,859,2018,12
基隆市,820,2018,12
新北市,801,2018,12
宜蘭縣,736,2018,12
新竹市,766,2018,12
新竹縣,756,2018,12
桃園市,750,2018,12
苗栗縣,760,2018,12
臺中市,758,2018,12
彰化縣,725,2018,12
南投縣,738,2018,12
嘉義市,718,2018,12
嘉義縣,718,2018,12
雲林縣,727,2018,12
臺南市,758,2018,12
高雄市,755,2018,12
澎湖縣,836,2018,12
屏東縣,743,2018,12
臺東縣,791,2018,12
花蓮縣,788,2018,12
金門縣,790,2018,12
連江縣,795,2018,12
臺北市,854,2019,01
基隆市,817,2019,01
新北市,794,2019,01
宜蘭縣,728,2019,01
新竹市,758,2019,01
新竹縣,744,2019,01
桃園市,735,2019,01
苗栗縣,751,2019,01
臺中市,750,2019,01
彰化縣,714,2019,01
南投縣,731,2019,01
嘉義市,707,2019,01
嘉義縣,708,2019,01
雲林縣,718,2019,01
臺南市,752,2019,01
高雄市,748,2019,01
澎湖縣,836,2019,01
屏東縣,734,2019,01
臺東縣,784,2019,01
花蓮縣,781,2019,01
金門縣,790,2019,01
連江縣,785,2019,01
臺北市,851,2019,02
基隆市,814,2019,02
新北市,793,2019,02
宜蘭縣,730,2019,02
新竹市,760,2019,02
新竹縣,743,2019,02
桃園市,737,2019,02
苗栗縣,751,2019,02
臺中市,747,2019,02
彰化縣,715,2019,02
南投縣,731,2019,02
嘉義市,706,2019,02
嘉義縣,708,2019,02
雲林縣,718,2019,02
臺南市,750,2019,02
高雄市,748,2019,02
澎湖縣,836,2019,02
屏東縣,733,2019,02
臺東縣,781,2019,02
花蓮縣,779,2019,02
金門縣,790,2019,02
連江縣,785,2019,02
臺北市,893,2019,03
基隆市,854,2019,03
新北市,834,2019,03
宜蘭縣,767,2019,03
新竹市,804,2019,03
新竹縣,783,2019,03
桃園市,775,2019,03
苗栗縣,791,2019,03
臺中市,789,2019,03
彰化縣,757,2019,03
南投縣,769,2019,03
嘉義市,744,2019,03
嘉義縣,746,2019,03
雲林縣,758,2019,03
臺南市,789,2019,03
高雄市,788,2019,03
澎湖縣,874,2019,03
屏東縣,772,2019,03
臺東縣,819,2019,03
花蓮縣,813,2019,03
金門縣,830,2019,03
連江縣,825,2019,03
臺北市,916,2019,04
基隆市,876,2019,04
新北市,857,2019,04
宜蘭縣,790,2019,04
新竹市,824,2019,04
新竹縣,804,2019,04
桃園市,801,2019,04
苗栗縣,813,2019,04
臺中市,811,2019,04
彰化縣,777,2019,04
南投縣,797,2019,04
嘉義市,770,2019,04
嘉義縣,766,2019,04
雲林縣,778,2019,04
臺南市,808,2019,04
高雄市,810,2019,04
澎湖縣,895,2019,04
屏東縣,793,2019,04
臺東縣,841,2019,04
花蓮縣,838,2019,04
金門縣,850,2019,04
連江縣,852,2019,04
臺北市,934,2019,05
基隆市,901,2019,05
新北市,877,2019,05
宜蘭縣,811,2019,05
新竹市,838,2019,05
新竹縣,822,2019,05
桃園市,820,2019,05
苗栗縣,833,2019,05
臺中市,829,2019,05
彰化縣,795,2019,05
南投縣,814,2019,05
嘉義市,786,2019,05
嘉義縣,788,2019,05
雲林縣,798,2019,05
臺南市,831,2019,05
高雄市,829,2019,05
澎湖縣,915,2019,05
屏東縣,812,2019,05
臺東縣,859,2019,05
花蓮縣,850,2019,05
金門縣,870,2019,05
連江縣,872,2019,05
臺北市,875,2019,06
基隆市,837,2019,06
新北市,815,2019,06
宜蘭縣,752,2019,06
新竹市,780,2019,06
新竹縣,761,2019,06
桃園市,759,2019,06
苗栗縣,772,2019,06
臺中市,771,2019,06
彰化縣,738,2019,06
南投縣,751,2019,06
嘉義市,724,2019,06
嘉義縣,728,2019,06
雲林縣,736,2019,06
臺南市,770,2019,06
高雄市,770,2019,06
澎湖縣,855,2019,06
屏東縣,751,2019,06
臺東縣,800,2019,06
花蓮縣,794,2019,06
金門縣,810,2019,06
連江縣,820,2019,06
臺北市,847,2019,07
基隆市,815,2019,07
新北市,785,2019,07
宜蘭縣,722,2019,07
新竹市,750,2019,07
新竹縣,732,2019,07
桃園市,728,2019,07
苗栗縣,742,2019,07
臺中市,743,2019,07
彰化縣,708,2019,07
南投縣,724,2019,07
嘉義市,699,2019,07
嘉義縣,699,2019,07
雲林縣,707,2019,07
臺南市,742,2019,07
高雄市,739,2019,07
澎湖縣,825,2019,07
屏東縣,723,2019,07
臺東縣,770,2019,07
花蓮縣,763,2019,07
金門縣,787,2019,07
連江縣,790,2019,07
臺北市,844,2019,08
基隆市,814,2019,08
新北市,786,2019,08
宜蘭縣,719,2019,08
新竹市,756,2019,08
新竹縣,732,2019,08
桃園市,730,2019,08
苗栗縣,741,2019,08
臺中市,738,2019,08
彰化縣,707,2019,08
南投縣,722,2019,08
嘉義市,702,2019,08
嘉義縣,698,2019,08
雲林縣,708,2019,08
臺南市,741,2019,08
高雄市,740,2019,08
澎湖縣,825,2019,08
屏東縣,724,2019,08
臺東縣,773,2019,08
花蓮縣,767,2019,08
金門縣,787,2019,08
連江縣,790,2019,08
臺北市,824,2019,09
基隆市,786,2019,09
新北市,767,2019,09
宜蘭縣,704,2019,09
新竹市,730,2019,09
新竹縣,715,2019,09
桃園市,711,2019,09
苗栗縣,725,2019,09
臺中市,718,2019,09
彰化縣,688,2019,09
南投縣,705,2019,09
嘉義市,683,2019,09
嘉義縣,682,2019,09
雲林縣,689,2019,09
臺南市,725,2019,09
高雄市,723,2019,09
澎湖縣,805,2019,09
屏東縣,705,2019,09
臺東縣,751,2019,09
花蓮縣,748,2019,09
金門縣,770,2019,09
連江縣,770,2019,09
臺北市,827,2019,10
基隆市,786,2019,10
新北市,767,2019,10
宜蘭縣,702,2019,10
新竹市,728,2019,10
新竹縣,716,2019,10
桃園市,709,2019,10
苗栗縣,722,2019,10
臺中市,721,2019,10
彰化縣,687,2019,10
南投縣,703,2019,10
嘉義市,678,2019,10
嘉義縣,682,2019,10
雲林縣,690,2019,10
臺南市,725,2019,10
高雄市,724,2019,10
澎湖縣,805,2019,10
屏東縣,704,2019,10
臺東縣,753,2019,10
花蓮縣,751,2019,10
金門縣,773,2019,10
連江縣,770,2019,10
臺北市,825,2019,11
基隆市,785,2019,11
新北市,769,2019,11
宜蘭縣,701,2019,11
新竹市,736,2019,11
新竹縣,714,2019,11
桃園市,707,2019,11
苗栗縣,722,2019,11
臺中市,720,2019,11
彰化縣,687,2019,11
南投縣,704,2019,11
嘉義市,676,2019,11
嘉義縣,680,2019,11
雲林縣,689,2019,11
臺南市,723,2019,11
高雄市,724,2019,11
澎湖縣,805,2019,11
屏東縣,703,2019,11
臺東縣,751,2019,11
花蓮縣,747,2019,11
金門縣,773,2019,11
連江縣,770,2019,11
臺北市,824,2019,12
基隆市,788,2019,12
新北市,767,2019,12
宜蘭縣,699,2019,12
新竹市,728,2019,12
新竹縣,713,2019,12
桃園市,707,2019,12
苗栗縣,723,2019,12
臺中市,721,2019,12
彰化縣,689,2019,12
南投縣,703,2019,12
嘉義市,678,2019,12
嘉義縣,679,2019,12
雲林縣,688,2019,12
臺南市,721,2019,12
高雄市,724,2019,12
澎湖縣,805,2019,12
屏東縣,704,2019,12
臺東縣,754,2019,12
花蓮縣,747,2019,12
金門縣,773,2019,12
連江縣,770,2019,12
臺北市,825,2020,01
基隆市,790,2020,01
新北市,769,2020,01
宜蘭縣,701,2020,01
新竹市,730,2020,01
新竹縣,713,2020,01
桃園市,706,2020,01
苗栗縣,723,2020,01
臺中市,723,2020,01
彰化縣,688,2020,01
南投縣,702,2020,01
嘉義市,679,2020,01
嘉義縣,679,2020,01
雲林縣,688,2020,01
臺南市,720,2020,01
高雄市,723,2020,01
澎湖縣,805,2020,01
屏東縣,704,2020,01
臺東縣,754,2020,01
花蓮縣,745,2020,01
金門縣,773,2020,01
連江縣,770,2020,01
臺北市,823,2020,02
基隆市,784,2020,02
新北市,768,2020,02
宜蘭縣,701,2020,02
新竹市,732,2020,02
新竹縣,714,2020,02
桃園市,711,2020,02
苗栗縣,721,2020,02
臺中市,721,2020,02
彰化縣,687,2020,02
南投縣,702,2020,02
嘉義市,677,2020,02
嘉義縣,680,2020,02
雲林縣,688,2020,02
臺南市,723,2020,02
高雄市,721,2020,02
澎湖縣,805,2020,02
屏東縣,704,2020,02
臺東縣,754,2020,02
花蓮縣,750,2020,02
金門縣,773,2020,02
連江縣,770,2020,02
臺北市,797,2020,03
基隆市,762,2020,03
新北市,739,2020,03
宜蘭縣,673,2020,03
新竹市,706,2020,03
新竹縣,684,2020,03
桃園市,680,2020,03
苗栗縣,693,2020,03
臺中市,693,2020,03
彰化縣,658,2020,03
南投縣,674,2020,03
嘉義市,647,2020,03
嘉義縣,653,2020,03
雲林縣,658,2020,03
臺南市,696,2020,03
高雄市,694,2020,03
澎湖縣,774,2020,03
屏東縣,675,2020,03
臺東縣,726,2020,03
花蓮縣,720,2020,03
金門縣,745,2020,03
連江縣,742,2020,03
臺北市,701,2020,04
基隆市,667,2020,04
新北市,641,2020,04
宜蘭縣,573,2020,04
新竹市,604,2020,04
新竹縣,583,2020,04
桃園市,586,2020,04
苗栗縣,594,2020,04
臺中市,594,2020,04
彰化縣,558,2020,04
南投縣,574,2020,04
嘉義市,554,2020,04
嘉義縣,551,2020,04
雲林縣,558,2020,04
臺南市,595,2020,04
高雄市,596,2020,04
澎湖縣,674,2020,04
屏東縣,576,2020,04
臺東縣,626,2020,04
花蓮縣,624,2020,04
金門縣,650,2020,04
連江縣,642,2020,04
臺北市,700,2020,05
基隆市,666,2020,05
新北市,640,2020,05
宜蘭縣,573,2020,05
新竹市,604,2020,05
新竹縣,587,2020,05
桃園市,581,2020,05
苗栗縣,595,2020,05
臺中市,595,2020,05
彰化縣,557,2020,05
南投縣,574,2020,05
嘉義市,546,2020,05
嘉義縣,549,2020,05
雲林縣,558,2020,05
臺南市,597,2020,05
高雄市,596,2020,05
澎湖縣,674,2020,05
屏東縣,575,2020,05
臺東縣,625,2020,05
花蓮縣,626,2020,05
金門縣,650,2020,05
連江縣,642,2020,05
臺北市,696,2020,06
基隆市,669,2020,06
新北市,642,2020,06
宜蘭縣,571,2020,06
新竹市,604,2020,06
新竹縣,580,2020,06
桃園市,579,2020,06
苗栗縣,595,2020,06
臺中市,595,2020,06
彰化縣,558,2020,06
南投縣,577,2020,06
嘉義市,549,2020,06
嘉義縣,548,2020,06
雲林縣,557,2020,06
臺南市,594,2020,06
高雄市,595,2020,06
澎湖縣,675,2020,06
屏東縣,575,2020,06
臺東縣,626,2020,06
花蓮縣,623,2020,06
金門縣,647,2020,06
連江縣,642,2020,06
臺北市,698,2020,07
基隆市,660,2020,07
新北市,641,2020,07
宜蘭縣,571,2020,07
新竹市,604,2020,07
新竹縣,582,2020,07
桃園市,581,2020,07
苗栗縣,593,2020,07
臺中市,595,2020,07
彰化縣,559,2020,07
南投縣,578,2020,07
嘉義市,551,2020,07
嘉義縣,548,2020,07
雲林縣,557,2020,07
臺南市,596,2020,07
高雄市,596,2020,07
澎湖縣,675,2020,07
屏東縣,575,2020,07
臺東縣,629,2020,07
花蓮縣,622,2020,07
金門縣,650,2020,07
連江縣,640,2020,07
臺北市,695,2020,08
基隆市,664,2020,08
新北市,638,2020,08
宜蘭縣,574,2020,08
新竹市,604,2020,08
新竹縣,582,2020,08
桃園市,581,2020,08
苗栗縣,594,2020,08
臺中市,595,2020,08
彰化縣,556,2020,08
南投縣,576,2020,08
嘉義市,549,2020,08
嘉義縣,551,2020,08
雲林縣,558,2020,08
臺南市,595,2020,08
高雄市,595,2020,08
澎湖縣,675,2020,08
屏東縣,571,2020,08
臺東縣,629,2020,08
花蓮縣,622,2020,08
金門縣,650,2020,08
連江縣,640,2020,08
臺北市,693,2020,09
基隆市,658,2020,09
新北市,641,2020,09
宜蘭縣,573,2020,09
新竹市,610,2020,09
新竹縣,585,2020,09
桃園市,581,2020,09
苗栗縣,591,2020,09
臺中市,595,2020,09
彰化縣,554,2020,09
南投縣,576,2020,09
嘉義市,553,2020,09
嘉義縣,549,2020,09
雲林縣,560,2020,09
臺南市,596,2020,09
高雄市,594,2020,09
澎湖縣,675,2020,09
屏東縣,569,2020,09
臺東縣,627,2020,09
花蓮縣,622,2020,09
金門縣,654,2020,09
連江縣,640,2020,09
臺北市,702,2020,10
基隆市,668,2020,10
新北市,651,2020,10
宜蘭縣,583,2020,10
新竹市,620,2020,10
新竹縣,595,2020,10
桃園市,588,2020,10
苗栗縣,603,2020,10
臺中市,603,2020,10
彰化縣,564,2020,10
南投縣,586,2020,10
嘉義市,561,2020,10
嘉義縣,558,2020,10
雲林縣,570,2020,10
臺南市,607,2020,10
高雄市,605,2020,10
澎湖縣,686,2020,10
屏東縣,579,2020,10
臺東縣,635,2020,10
花蓮縣,633,2020,10
金門縣,658,2020,10
連江縣,655,2020,10
臺北市,734,2020,11
基隆市,692,2020,11
新北市,677,2020,11
宜蘭縣,613,2020,11
新竹市,650,2020,11
新竹縣,618,2020,11
桃園市,618,2020,11
苗栗縣,630,2020,11
臺中市,636,2020,11
彰化縣,595,2020,11
南投縣,615,2020,11
嘉義市,587,2020,11
嘉義縣,589,2020,11
雲林縣,599,2020,11
臺南市,638,2020,11
高雄市,634,2020,11
澎湖縣,716,2020,11
屏東縣,608,2020,11
臺東縣,665,2020,11
花蓮縣,666,2020,11
金門縣,692,2020,11
連江縣,685,2020,11
臺北市,754,2020,12
基隆市,719,2020,12
新北市,696,2020,12
宜蘭縣,630,2020,12
新竹市,670,2020,12
新竹縣,638,2020,12
桃園市,637,2020,12
苗栗縣,653,2020,12
臺中市,653,2020,12
彰化縣,615,2020,12
南投縣,636,2020,12
嘉義市,605,2020,12
嘉義縣,606,2020,12
雲林縣,621,2020,12
臺南市,656,2020,12
高雄市,654,2020,12
澎湖縣,736,2020,12
屏東縣,627,2020,12
臺東縣,685,2020,12
花蓮縣,687,2020,12
金門縣,712,2020,12
連江縣,705,2020,12
臺北市,756,2021,01
基隆市,716,2021,01
新北市,697,2021,01
宜蘭縣,630,2021,01
新竹市,657,2021,01
新竹縣,638,2021,01
桃園市,640,2021,01
苗栗縣,650,2021,01
臺中市,655,2021,01
彰化縣,615,2021,01
南投縣,634,2021,01
嘉義市,607,2021,01
嘉義縣,605,2021,01
雲林縣,620,2021,01
臺南市,656,2021,01
高雄市,655,2021,01
澎湖縣,735,2021,01
屏東縣,629,2021,01
臺東縣,684,2021,01
花蓮縣,688,2021,01
金門縣,716,2021,01
連江縣,705,2021,01
臺北市,750,2021,02
基隆市,715,2021,02
新北市,696,2021,02
宜蘭縣,629,2021,02
新竹市,657,2021,02
新竹縣,635,2021,02
桃園市,640,2021,02
苗栗縣,651,2021,02
臺中市,652,2021,02
彰化縣,615,2021,02
南投縣,632,2021,02
嘉義市,606,2021,02
嘉義縣,607,2021,02
雲林縣,620,2021,02
臺南市,655,2021,02
高雄市,656,2021,02
澎湖縣,735,2021,02
屏東縣,630,2021,02
臺東縣,684,2021,02
花蓮縣,678,2021,02
金門縣,712,2021,02
連江縣,705,2021,02
臺北市,753,2021,03
基隆市,722,2021,03
新北市,695,2021,03
宜蘭縣,631,2021,03
新竹市,660,2021,03
新竹縣,634,2021,03
桃園市,639,2021,03
苗栗縣,652,2021,03
臺中市,655,2021,03
彰化縣,616,2021,03
南投縣,634,2021,03
嘉義市,608,2021,03
嘉義縣,605,2021,03
雲林縣,616,2021,03
臺南市,655,2021,03
高雄市,655,2021,03
澎湖縣,735,2021,03
屏東縣,630,2021,03
臺東縣,683,2021,03
花蓮縣,683,2021,03
金門縣,710,2021,03
連江縣,705,2021,03
臺北市,753,2021,04
基隆市,719,2021,04
新北市,695,2021,04
宜蘭縣,635,2021,04
新竹市,660,2021,04
新竹縣,636,2021,04
桃園市,639,2021,04
苗栗縣,650,2021,04
臺中市,652,2021,04
彰化縣,617,2021,04
南投縣,630,2021,04
嘉義市,606,2021,04
嘉義縣,608,2021,04
雲林縣,617,2021,04
臺南市,656,2021,04
高雄市,655,2021,04
澎湖縣,735,2021,04
屏東縣,631,2021,04
臺東縣,684,2021,04
花蓮縣,680,2021,04
金門縣,716,2021,04
連江縣,705,2021,04
臺北市,757,2021,05
基隆市,718,2021,05
新北市,697,2021,05
宜蘭縣,630,2021,05
新竹市,660,2021,05
新竹縣,636,2021,05
桃園市,638,2021,05
苗栗縣,649,2021,05
臺中市,652,2021,05
彰化縣,617,2021,05
南投縣,634,2021,05
嘉義市,608,2021,05
嘉義縣,605,2021,05
雲林縣,621,2021,05
臺南市,655,2021,05
高雄市,656,2021,05
澎湖縣,735,2021,05
屏東縣,630,2021,05
臺東縣,686,2021,05
花蓮縣,681,2021,05
金門縣,714,2021,05
連江縣,705,2021,05
臺北市,755,2021,06
基隆市,718,2021,06
新北市,698,2021,06
宜蘭縣,630,2021,06
新竹市,657,2021,06
新竹縣,635,2021,06
桃園市,641,2021,06
苗栗縣,647,2021,06
臺中市,650,2021,06
彰化縣,616,2021,06
南投縣,628,2021,06
嘉義市,607,2021,06
嘉義縣,606,2021,06
雲林縣,620,2021,06
臺南市,654,2021,06
高雄市,655,2021,06
澎湖縣,735,2021,06
屏東縣,633,2021,06
臺東縣,685,2021,06
花蓮縣,683,2021,06
金門縣,712,2021,06
連江縣,705,2021,06
臺北市,756,2021,07
基隆市,719,2021,07
新北市,698,2021,07
宜蘭縣,632,2021,07
新竹市,657,2021,07
新竹縣,638,2021,07
桃園市,640,2021,07
苗栗縣,648,2021,07
臺中市,653,2021,07
彰化縣,615,2021,07
南投縣,632,2021,07
嘉義市,606,2021,07
嘉義縣,607,2021,07
雲林縣,618,2021,07
臺南市,654,2021,07
高雄市,656,2021,07
澎湖縣,735,2021,07
屏東縣,632,2021,07
臺東縣,686,2021,07
花蓮縣,679,2021,07
金門縣,714,2021,07
連江縣,705,2021,07
臺北市,757,2021,08
基隆市,717,2021,08
新北市,697,2021,08
宜蘭縣,631,2021,08
新竹市,660,2021,08
新竹縣,636,2021,08
桃園市,639,2021,08
苗栗縣,651,2021,08
臺中市,654,2021,08
彰化縣,614,2021,08
南投縣,628,2021,08
嘉義市,606,2021,08
嘉義縣,606,2021,08
雲林縣,622,2021,08
臺南市,657,2021,08
高雄市,655,2021,08
澎湖縣,735,2021,08
屏東縣,630,2021,08
臺東縣,686,2021,08
花蓮縣,685,2021,08
金門縣,712,2021,08
連江縣,705,2021,08
臺北市,760,2021,09
基隆市,718,2021,09
新北市,697,2021,09
宜蘭縣,634,2021,09
新竹市,660,2021,09
新竹縣,636,2021,09
桃園市,640,2021,09
苗栗縣,649,2021,09
臺中市,654,2021,09
彰化縣,616,2021,09
南投縣,631,2021,09
嘉義市,614,2021,09
嘉義縣,607,2021,09
雲林縣,620,2021,09
臺南市,654,2021,09
高雄市,657,2021,09
澎湖縣,735,2021,09
屏東縣,630,2021,09
臺東縣,686,2021,09
花蓮縣,681,2021,09
金門縣,716,2021,09
連江縣,705,2021,09
臺北市,756,2021,10
基隆市,713,2021,10
新北市,697,2021,10
宜蘭縣,632,2021,10
新竹市,657,2021,10
新竹縣,638,2021,10
桃園市,639,2021,10
苗栗縣,650,2021,10
臺中市,654,2021,10
彰化縣,617,2021,10
南投縣,632,2021,10
嘉義市,616,2021,10
嘉義縣,605,2021,10
雲林縣,618,2021,10
臺南市,655,2021,10
高雄市,654,2021,10
澎湖縣,735,2021,10
屏東縣,634,2021,10
臺東縣,687,2021,10
花蓮縣,678,2021,10
金門縣,714,2021,10
連江縣,705,2021,10
臺北市,759,2021,11
基隆市,719,2021,11
新北市,698,2021,11
宜蘭縣,631,2021,11
新竹市,657,2021,11
新竹縣,636,2021,11
桃園市,637,2021,11
苗栗縣,648,2021,11
臺中市,653,2021,11
彰化縣,616,2021,11
南投縣,634,2021,11
嘉義市,608,2021,11
嘉義縣,606,2021,11
雲林縣,620,2021,11
臺南市,653,2021,11
高雄市,657,2021,11
澎湖縣,736,2021,11
屏東縣,636,2021,11
臺東縣,686,2021,11
花蓮縣,682,2021,11
金門縣,716,2021,11
連江縣,705,2021,11
臺北市,753,2021,12
基隆市,719,2021,12
新北市,697,2021,12
宜蘭縣,633,2021,12
新竹市,660,2021,12
新竹縣,638,2021,12
桃園市,638,2021,12
苗栗縣,645,2021,12
臺中市,653,2021,12
彰化縣,616,2021,12
南投縣,630,2021,12
嘉義市,611,2021,12
嘉義縣,606,2021,12
雲林縣,618,2021,12
臺南市,655,2021,12
高雄市,657,2021,12
澎湖縣,735,2021,12
屏東縣,636,2021,12
臺東縣,684,2021,12
花蓮縣,682,2021,12
金門縣,710,2021,12
連江縣,705,2021,12
臺北市,755,2022,01
基隆市,726,2022,01
新北市,698,2022,01
宜蘭縣,633,2022,01
新竹市,657,2022,01
新竹縣,636,2022,01
桃園市,640,2022,01
苗栗縣,649,2022,01
臺中市,650,2022,01
彰化縣,615,2022,01
南投縣,630,2022,01
嘉義市,608,2022,01
嘉義縣,604,2022,01
雲林縣,619,2022,01
臺南市,653,2022,01
高雄市,658,2022,01
澎湖縣,735,2022,01
屏東縣,637,2022,01
臺東縣,683,2022,01
花蓮縣,680,2022,01
金門縣,714,2022,01
連江縣,705,2022,01
臺北市,756,2022,02
基隆市,723,2022,02
新北市,696,2022,02
宜蘭縣,631,2022,02
新竹市,660,2022,02
新竹縣,637,2022,02
桃園市,639,2022,02
苗栗縣,649,2022,02
臺中市,653,2022,02
彰化縣,616,2022,02
南投縣,633,2022,02
嘉義市,609,2022,02
嘉義縣,606,2022,02
雲林縣,618,2022,02
臺南市,657,2022,02
高雄市,657,2022,02
澎湖縣,735,2022,02
屏東縣,633,2022,02
臺東縣,685,2022,02
花蓮縣,676,2022,02
金門縣,712,2022,02
連江縣,705,2022,02
臺北市,762,2022,03
基隆市,719,2022,03
新北市,698,2022,03
宜蘭縣,633,2022,03
新竹市,657,2022,03
新竹縣,637,2022,03
桃園市,640,2022,03
苗栗縣,651,2022,03
臺中市,653,2022,03
彰化縣,616,2022,03
南投縣,631,2022,03
嘉義市,609,2022,03
嘉義縣,606,2022,03
雲林縣,620,2022,03
臺南市,658,2022,03
高雄市,662,2022,03
澎湖縣,736,2022,03
屏東縣,637,2022,03
臺東縣,687,2022,03
花蓮縣,679,2022,03
金門縣,716,2022,03
連江縣,705,2022,03
臺北市,758,2022,04
基隆市,721,2022,04
新北市,697,2022,04
宜蘭縣,633,2022,04
新竹市,660,2022,04
新竹縣,635,2022,04
桃園市,641,2022,04
苗栗縣,652,2022,04
臺中市,653,2022,04
彰化縣,616,2022,04
南投縣,632,2022,04
嘉義市,615,2022,04
嘉義縣,606,2022,04
雲林縣,619,2022,04
臺南市,660,2022,04
高雄市,664,2022,04
澎湖縣,736,2022,04
屏東縣,638,2022,04
臺東縣,686,2022,04
花蓮縣,675,2022,04
金門縣,712,2022,04
連江縣,705,2022,04
臺北市,757,2022,05
基隆市,719,2022,05
新北市,699,2022,05
宜蘭縣,635,2022,05
新竹市,660,2022,05
新竹縣,638,2022,05
桃園市,641,2022,05
苗栗縣,648,2022,05
臺中市,654,2022,05
彰化縣,616,2022,05
南投縣,628,2022,05
嘉義市,608,2022,05
嘉義縣,608,2022,05
雲林縣,618,2022,05
臺南市,661,2022,05
高雄市,668,2022,05
澎湖縣,736,2022,05
屏東縣,641,2022,05
臺東縣,686,2022,05
花蓮縣,677,2022,05
金門縣,714,2022,05
連江縣,705,2022,05
臺北市,754,2022,06
基隆市,721,2022,06
新北市,698,2022,06
宜蘭縣,632,2022,06
新竹市,660,2022,06
新竹縣,636,2022,06
桃園市,640,2022,06
苗栗縣,649,2022,06
臺中市,653,2022,06
彰化縣,617,2022,06
南投縣,630,2022,06
嘉義市,609,2022,06
嘉義縣,608,2022,06
雲林縣,617,2022,06
臺南市,662,2022,06
高雄市,668,2022,06
澎湖縣,736,2022,06
屏東縣,638,2022,06
臺東縣,684,2022,06
花蓮縣,681,2022,06
金門縣,712,2022,06
連江縣,705,2022,06
臺北市,758,2022,07
基隆市,723,2022,07
新北市,699,2022,07
宜蘭縣,635,2022,07
新竹市,660,2022,07
新竹縣,634,2022,07
桃園市,643,2022,07
苗栗縣,651,2022,07
臺中市,652,2022,07
彰化縣,618,2022,07
南投縣,632,2022,07
嘉義市,607,2022,07
嘉義縣,608,2022,07
雲林縣,618,2022,07
臺南市,664,2022,07
高雄市,671,2022,07
澎湖縣,736,2022,07
屏東縣,640,2022,07
臺東縣,687,2022,07
花蓮縣,675,2022,07
金門縣,714,2022,07
連江縣,705,2022,07
臺北市,760,2022,08
基隆市,728,2022,08
新北市,697,2022,08
宜蘭縣,635,2022,08
新竹市,660,2022,08
新竹縣,635,2022,08
桃園市,644,2022,08
苗栗縣,652,2022,08
臺中市,652,2022,08
彰化縣,617,2022,08
南投縣,630,2022,08
嘉義市,611,2022,08
嘉義縣,608,2022,08
雲林縣,620,2022,08
臺南市,659,2022,08
高雄市,669,2022,08
澎湖縣,736,2022,08
屏東縣,640,2022,08
臺東縣,687,2022,08
花蓮縣,675,2022,08
金門縣,714,2022,08
連江縣,705,2022,08
臺北市,758,2022,09
基隆市,724,2022,09
新北市,697,2022,09
宜蘭縣,635,2022,09
新竹市,660,2022,09
新竹縣,638,2022,09
桃園市,643,2022,09
苗栗縣,648,2022,09
臺中市,651,2022,09
彰化縣,617,2022,09
南投縣,632,2022,09
嘉義市,610,2022,09
嘉義縣,607,2022,09
雲林縣,619,2022,09
臺南市,660,2022,09
高雄市,668,2022,09
澎湖縣,736,2022,09
屏東縣,639,2022,09
臺東縣,687,2022,09
花蓮縣,678,2022,09
金門縣,712,2022,09
連江縣,705,2022,09
臺北市,756,2022,10
基隆市,721,2022,10
新北市,696,2022,10
宜蘭縣,636,2022,10
新竹市,658,2022,10
新竹縣,635,2022,10
桃園市,640,2022,10
苗栗縣,648,2022,10
臺中市,648,2022,10
彰化縣,616,2022,10
南投縣,632,2022,10
嘉義市,610,2022,10
嘉義縣,606,2022,10
雲林縣,620,2022,10
臺南市,661,2022,10
高雄市,670,2022,10
澎湖縣,733,2022,10
屏東縣,641,2022,10
臺東縣,681,2022,10
花蓮縣,672,2022,10
金門縣,717,2022,10
連江縣,705,2022,10
臺北市,758,2022,11
基隆市,717,2022,11
新北市,696,2022,11
宜蘭縣,635,2022,11
新竹市,658,2022,11
新竹縣,639,2022,11
桃園市,642,2022,11
苗栗縣,647,2022,11
臺中市,651,2022,11
彰化縣,616,2022,11
南投縣,632,2022,11
嘉義市,611,2022,11
嘉義縣,605,2022,11
雲林縣,619,2022,11
臺南市,661,2022,11
高雄市,670,2022,11
澎湖縣,733,2022,11
屏東縣,639,2022,11
臺東縣,678,2022,11
花蓮縣,676,2022,11
金門縣,717,2022,11
連江縣,750,2022,11
臺北市,758,2022,12
基隆市,718,2022,12
新北市,696,2022,12
宜蘭縣,634,2022,12
新竹市,658,2022,12
新竹縣,642,2022,12
桃園市,642,2022,12
苗栗縣,647,2022,12
臺中市,653,2022,12
彰化縣,617,2022,12
南投縣,634,2022,12
嘉義市,612,2022,12
嘉義縣,605,2022,12
雲林縣,618,2022,12
臺南市,660,2022,12
高雄市,669,2022,12
澎湖縣,733,2022,12
屏東縣,640,2022,12
臺東縣,681,2022,12
花蓮縣,679,2022,12
金門縣,715,2022,12
連江縣,750,2022,12
臺北市,759,2023,01
基隆市,718,2023,01
新北市,698,2023,01
宜蘭縣,637,2023,01
新竹市,658,2023,01
新竹縣,635,2023,01
桃園市,642,2023,01
苗栗縣,648,2023,01
臺中市,653,2023,01
彰化縣,616,2023,01
南投縣,634,2023,01
嘉義市,606,2023,01
嘉義縣,605,2023,01
雲林縣,620,2023,01
臺南市,661,2023,01
高雄市,671,2023,01
澎湖縣,737,2023,01
屏東縣,639,2023,01
臺東縣,676,2023,01
花蓮縣,672,2023,01
金門縣,715,2023,01
連江縣,750,2023,01
臺北市,759,2023,02
基隆市,722,2023,02
新北市,697,2023,02
宜蘭縣,635,2023,02
新竹市,658,2023,02
新竹縣,637,2023,02
桃園市,643,2023,02
苗栗縣,648,2023,02
臺中市,654,2023,02
彰化縣,618,2023,02
南投縣,632,2023,02
嘉義市,611,2023,02
嘉義縣,604,2023,02
雲林縣,618,2023,02
臺南市,663,2023,02
高雄市,672,2023,02
澎湖縣,739,2023,02
屏東縣,641,2023,02
臺東縣,674,2023,02
花蓮縣,677,2023,02
金門縣,716,2023,02
連江縣,750,2023,02
臺北市,760,2023,03
基隆市,716,2023,03
新北市,697,2023,03
宜蘭縣,635,2023,03
新竹市,658,2023,03
新竹縣,635,2023,03
桃園市,645,2023,03
苗栗縣,646,2023,03
臺中市,651,2023,03
彰化縣,616,2023,03
南投縣,634,2023,03
嘉義市,608,2023,03
嘉義縣,607,2023,03
雲林縣,619,2023,03
臺南市,664,2023,03
高雄市,672,2023,03
澎湖縣,741,2023,03
屏東縣,640,2023,03
臺東縣,677,2023,03
花蓮縣,677,2023,03
金門縣,714,2023,03
連江縣,750,2023,03
臺北市,764,2023,04
基隆市,719,2023,04
新北市,698,2023,04
宜蘭縣,635,2023,04
新竹市,658,2023,04
新竹縣,636,2023,04
桃園市,640,2023,04
苗栗縣,648,2023,04
臺中市,654,2023,04
彰化縣,616,2023,04
南投縣,633,2023,04
嘉義市,610,2023,04
嘉義縣,607,2023,04
雲林縣,619,2023,04
臺南市,664,2023,04
高雄市,672,2023,04
澎湖縣,739,2023,04
屏東縣,642,2023,04
臺東縣,675,2023,04
花蓮縣,680,2023,04
金門縣,718,2023,04
連江縣,750,2023,04
臺北市,761,2023,05
基隆市,716,2023,05
新北市,699,2023,05
宜蘭縣,634,2023,05
新竹市,658,2023,05
新竹縣,640,2023,05
桃園市,642,2023,05
苗栗縣,646,2023,05
臺中市,652,2023,05
彰化縣,618,2023,05
南投縣,632,2023,05
嘉義市,610,2023,05
嘉義縣,607,2023,05
雲林縣,620,2023,05
臺南市,664,2023,05
高雄市,674,2023,05
澎湖縣,738,2023,05
屏東縣,641,2023,05
臺東縣,680,2023,05
花蓮縣,673,2023,05
金門縣,720,2023,05
連江縣,750,2023,05
臺北市,758,2023,06
基隆市,715,2023,06
新北市,698,2023,06
宜蘭縣,638,2023,06
新竹市,658,2023,06
新竹縣,638,2023,06
桃園市,643,2023,06
苗栗縣,646,2023,06
臺中市,654,2023,06
彰化縣,617,2023,06
南投縣,632,2023,06
嘉義市,607,2023,06
嘉義縣,608,2023,06
雲林縣,621,2023,06
臺南市,666,2023,06
高雄市,673,2023,06
澎湖縣,735,2023,06
屏東縣,640,2023,06
臺東縣,681,2023,06
花蓮縣,675,2023,06
金門縣,714,2023,06
連江縣,750,2023,06
臺北市,761,2023,07
基隆市,716,2023,07
新北市,697,2023,07
宜蘭縣,636,2023,07
新竹市,658,2023,07
新竹縣,636,2023,07
桃園市,644,2023,07
苗栗縣,647,2023,07
臺中市,652,2023,07
彰化縣,618,2023,07
南投縣,631,2023,07
嘉義市,614,2023,07
嘉義縣,607,2023,07
雲林縣,621,2023,07
臺南市,666,2023,07
高雄市,673,2023,07
澎湖縣,738,2023,07
屏東縣,642,2023,07
臺東縣,678,2023,07
花蓮縣,676,2023,07
金門縣,720,2023,07
連江縣,800,2023,07
臺北市,761,2023,08
基隆市,721,2023,08
新北市,697,2023,08
宜蘭縣,638,2023,08
新竹市,658,2023,08
新竹縣,637,2023,08
桃園市,644,2023,08
苗栗縣,649,2023,08
臺中市,653,2023,08
彰化縣,618,2023,08
南投縣,631,2023,08
嘉義市,615,2023,08
嘉義縣,610,2023,08
雲林縣,621,2023,08
臺南市,673,2023,08
高雄市,675,2023,08
澎湖縣,741,2023,08
屏東縣,642,2023,08
臺東縣,680,2023,08
花蓮縣,677,2023,08
金門縣,718,2023,08
連江縣,800,2023,08
臺北市,760,2023,09
基隆市,717,2023,09
新北市,697,2023,09
宜蘭縣,640,2023,09
新竹市,658,2023,09
新竹縣,635,2023,09
桃園市,645,2023,09
苗栗縣,646,2023,09
臺中市,654,2023,09
彰化縣,618,2023,09
南投縣,630,2023,09
嘉義市,619,2023,09
嘉義縣,610,2023,09
雲林縣,620,2023,09
臺南市,671,2023,09
高雄市,673,2023,09
澎湖縣,741,2023,09
屏東縣,644,2023,09
臺東縣,681,2023,09
花蓮縣,675,2023,09
金門縣,720,2023,09
連江縣,800,2023,09
臺北市,761,2023,10
基隆市,720,2023,10
新北市,700,2023,10
宜蘭縣,638,2023,10
新竹市,658,2023,10
新竹縣,635,2023,10
桃園市,643,2023,10
苗栗縣,650,2023,10
臺中市,655,2023,10
彰化縣,618,2023,10
南投縣,636,2023,10
嘉義市,618,2023,10
嘉義縣,613,2023,10
雲林縣,624,2023,10
臺南市,673,2023,10
高雄市,675,2023,10
澎湖縣,739,2023,10
屏東縣,644,2023,10
臺東縣,681,2023,10
花蓮縣,681,2023,10
金門縣,716,2023,10
連江縣,800,2023,10
臺北市,757,2023,11
基隆市,716,2023,11
新北市,699,2023,11
宜蘭縣,636,2023,11
新竹市,658,2023,11
新竹縣,642,2023,11
桃園市,642,2023,11
苗栗縣,647,2023,11
臺中市,657,2023,11
彰化縣,619,2023,11
南投縣,636,2023,11
嘉義市,619,2023,11
嘉義縣,611,2023,11
雲林縣,623,2023,11
臺南市,672,2023,11
高雄市,676,2023,11
澎湖縣,740,2023,11
屏東縣,643,2023,11
臺東縣,683,2023,11
花蓮縣,669,2023,11
金門縣,720,2023,11
連江縣,815,2023,11
臺北市,757,2023,12
基隆市,717,2023,12
新北市,698,2023,12
宜蘭縣,638,2023,12
新竹市,658,2023,12
新竹縣,637,2023,12
桃園市,645,2023,12
苗栗縣,648,2023,12
臺中市,655,2023,12
彰化縣,618,2023,12
南投縣,637,2023,12
嘉義市,620,2023,12
嘉義縣,612,2023,12
雲林縣,624,2023,12
臺南市,672,2023,12
高雄市,677,2023,12
澎湖縣,741,2023,12
屏東縣,641,2023,12
臺東縣,685,2023,12
花蓮縣,671,2023,12
金門縣,716,2023,12
連江縣,815,2023,12
臺北市,763,2024,01
基隆市,725,2024,01
新北市,700,2024,01
宜蘭縣,638,2024,01
新竹市,663,2024,01
新竹縣,638,2024,01
桃園市,643,2024,01
苗栗縣,649,2024,01
臺中市,657,2024,01
彰化縣,619,2024,01
南投縣,637,2024,01
嘉義市,617,2024,01
嘉義縣,615,2024,01
雲林縣,626,2024,01
臺南市,675,2024,01
高雄市,678,2024,01
澎湖縣,739,2024,01
屏東縣,643,2024,01
臺東縣,685,2024,01
花蓮縣,671,2024,01
金門縣,720,2024,01
連江縣,815,2024,01
臺北市,756,2024,02
基隆市,720,2024,02
新北市,700,2024,02
宜蘭縣,638,2024,02
新竹市,668,2024,02
新竹縣,639,2024,02
桃園市,643,2024,02
苗栗縣,648,2024,02
臺中市,653,2024,02
彰化縣,618,2024,02
南投縣,633,2024,02
嘉義市,622,2024,02
嘉義縣,618,2024,02
雲林縣,628,2024,02
臺南市,679,2024,02
高雄市,678,2024,02
澎湖縣,741,2024,02
屏東縣,642,2024,02
臺東縣,686,2024,02
花蓮縣,680,2024,02
金門縣,720,2024,02
連江縣,815,2024,02
臺北市,761,2024,03
基隆市,719,2024,03
新北市,704,2024,03
宜蘭縣,642,2024,03
新竹市,668,2024,03
新竹縣,644,2024,03
桃園市,643,2024,03
苗栗縣,646,2024,03
臺中市,655,2024,03
彰化縣,619,2024,03
南投縣,633,2024,03
嘉義市,624,2024,03
嘉義縣,617,2024,03
雲林縣,630,2024,03
臺南市,678,2024,03
高雄市,680,2024,03
澎湖縣,743,2024,03
屏東縣,643,2024,03
臺東縣,684,2024,03
花蓮縣,676,2024,03
金門縣,720,2024,03
連江縣,830,2024,03
臺北市,758,2024,04
基隆市,720,2024,04
新北市,704,2024,04
宜蘭縣,639,2024,04
新竹市,668,2024,04
新竹縣,641,2024,04
桃園市,643,2024,04
苗栗縣,647,2024,04
臺中市,656,2024,04
彰化縣,620,2024,04
南投縣,633,2024,04
嘉義市,620,2024,04
嘉義縣,616,2024,04
雲林縣,630,2024,04
臺南市,682,2024,04
高雄市,681,2024,04
澎湖縣,751,2024,04
屏東縣,644,2024,04
臺東縣,686,2024,04
花蓮縣,675,2024,04
金門縣,720,2024,04
連江縣,830,2024,04
臺北市,760,2024,05
基隆市,720,2024,05
新北市,705,2024,05
宜蘭縣,641,2024,05
新竹市,668,2024,05
新竹縣,642,2024,05
桃園市,644,2024,05
苗栗縣,647,2024,05
臺中市,655,2024,05
彰化縣,620,2024,05
南投縣,630,2024,05
嘉義市,623,2024,05
嘉義縣,615,2024,05
雲林縣,629,2024,05
臺南市,683,2024,05
高雄市,682,2024,05
澎湖縣,750,2024,05
屏東縣,644,2024,05
臺東縣,685,2024,05
花蓮縣,675,2024,05
金門縣,716,2024,05
連江縣,830,2024,05
臺北市,761,2024,06
基隆市,720,2024,06
新北市,705,2024,06
宜蘭縣,639,2024,06
新竹市,668,2024,06
新竹縣,646,2024,06
桃園市,644,2024,06
苗栗縣,652,2024,06
臺中市,657,2024,06
彰化縣,617,2024,06
南投縣,632,2024,06
嘉義市,622,2024,06
嘉義縣,613,2024,06
雲林縣,630,2024,06
臺南市,684,2024,06
高雄市,684,2024,06
澎湖縣,753,2024,06
屏東縣,643,2024,06
臺東縣,689,2024,06
花蓮縣,677,2024,06
金門縣,720,2024,06
連江縣,830,2024,06
臺北市,760,2024,07
基隆市,729,2024,07
新北市,706,2024,07
宜蘭縣,643,2024,07
新竹市,665,2024,07
新竹縣,640,2024,07
桃園市,644,2024,07
苗栗縣,652,2024,07
臺中市,659,2024,07
彰化縣,618,2024,07
南投縣,633,2024,07
嘉義市,623,2024,07
嘉義縣,614,2024,07
雲林縣,631,2024,07
臺南市,685,2024,07
高雄市,683,2024,07
澎湖縣,754,2024,07
屏東縣,642,2024,07
臺東縣,690,2024,07
花蓮縣,679,2024,07
金門縣,720,2024,07
連江縣,850,2024,07
臺北市,757,2024,08
基隆市,724,2024,08
新北市,705,2024,08
宜蘭縣,645,2024,08
新竹市,665,2024,08
新竹縣,642,2024,08
桃園市,645,2024,08
苗栗縣,649,2024,08
臺中市,659,2024,08
彰化縣,617,2024,08
南投縣,631,2024,08
嘉義市,626,2024,08
嘉義縣,618,2024,08
雲林縣,627,2024,08
臺南市,684,2024,08
高雄市,683,2024,08
澎湖縣,750,2024,08
屏東縣,645,2024,08
臺東縣,690,2024,08
花蓮縣,674,2024,08
金門縣,716,2024,08
連江縣,850,2024,08
臺北市,760,2024,09
基隆市,721,2024,09
新北市,706,2024,09
宜蘭縣,646,2024,09
新竹市,665,2024,09
新竹縣,650,2024,09
桃園市,647,2024,09
苗栗縣,650,2024,09
臺中市,659,2024,09
彰化縣,617,2024,09
南投縣,634,2024,09
嘉義市,624,2024,09
嘉義縣,617,2024,09
雲林縣,632,2024,09
臺南市,687,2024,09
高雄市,686,2024,09
澎湖縣,751,2024,09
屏東縣,644,2024,09
臺東縣,688,2024,09
花蓮縣,676,2024,09
金門縣,720,2024,09
連江縣,850,2024,09
臺北市,759,2024,10
基隆市,729,2024,10
新北市,707,2024,10
宜蘭縣,643,2024,10
新竹市,668,2024,10
新竹縣,651,2024,10
桃園市,649,2024,10
苗栗縣,649,2024,10
臺中市,659,2024,10
彰化縣,617,2024,10
南投縣,636,2024,10
嘉義市,625,2024,10
嘉義縣,614,2024,10
雲林縣,632,2024,10
臺南市,687,2024,10
高雄市,687,2024,10
澎湖縣,748,2024,10
屏東縣,643,2024,10
臺東縣,687,2024,10
花蓮縣,681,2024,10
金門縣,720,2024,10
連江縣,850,2024,10
臺北市,759,2024,11
基隆市,729,2024,11
新北市,706,2024,11
宜蘭縣,646,2024,11
新竹市,665,2024,11
新竹縣,651,2024,11
桃園市,649,2024,11
苗栗縣,649,2024,11
臺中市,661,2024,11
彰化縣,618,2024,11
南投縣,636,2024,11
嘉義市,625,2024,11
嘉義縣,615,2024,11
雲林縣,632,2024,11
臺南市,691,2024,11
高雄市,687,2024,11
澎湖縣,753,2024,11
屏東縣,645,2024,11
臺東縣,684,2024,11
花蓮縣,675,2024,11
金門縣,716,2024,11
連江縣,850,2024,11
臺北市,759,2024,12
基隆市,723,2024,12
新北市,706,2024,12
宜蘭縣,647,2024,12
新竹市,668,2024,12
新竹縣,652,2024,12
桃園市,653,2024,12
苗栗縣,648,2024,12
臺中市,662,2024,12
彰化縣,620,2024,12
南投縣,635,2024,12
嘉義市,624,2024,12
嘉義縣,617,2024,12
雲林縣,634,2024,12
臺南市,692,2024,12
高雄市,689,2024,12
澎湖縣,754,2024,12
屏東縣,646,2024,12
臺東縣,688,2024,12
花蓮縣,674,2024,12
金門縣,716,2024,12
連江縣,850,2024,12
臺北市,762,2025,01
基隆市,727,2025,01
新北市,708,2025,01
宜蘭縣,648,2025,01
新竹市,668,2025,01
新竹縣,655,2025,01
桃園市,652,2025,01
苗栗縣,651,2025,01
臺中市,661,2025,01
彰化縣,622,2025,01
南投縣,637,2025,01
嘉義市,626,2025,01
嘉義縣,618,2025,01
雲林縣,634,2025,01
臺南市,692,2025,01
高雄市,691,2025,01
澎湖縣,754,2025,01
屏東縣,649,2025,01
臺東縣,692,2025,01
花蓮縣,675,2025,01
金門縣,716,2025,01
連江縣,850,2025,01
臺北市,763,2025,02
基隆市,727,2025,02
新北市,710,2025,02
宜蘭縣,646,2025,02
新竹市,665,2025,02
新竹縣,652,2025,02
桃園市,654,2025,02
苗栗縣,650,2025,02
臺中市,662,2025,02
彰化縣,624,2025,02
南投縣,642,2025,02
嘉義市,628,2025,02
嘉義縣,619,2025,02
雲林縣,634,2025,02
臺南市,695,2025,02
高雄市,694,2025,02
澎湖縣,754,2025,02
屏東縣,647,2025,02
臺東縣,698,2025,02
花蓮縣,676,2025,02
金門縣,714,2025,02
連江縣,850,2025,02
臺北市,769,2025,03
基隆市,725,2025,03
新北市,708,2025,03
宜蘭縣,648,2025,03
新竹市,665,2025,03
新竹縣,652,2025,03
桃園市,656,2025,03
苗栗縣,652,2025,03
臺中市,662,2025,03
彰化縣,623,2025,03
南投縣,639,2025,03
嘉義市,629,2025,03
嘉義縣,618,2025,03
雲林縣,635,2025,03
臺南市,699,2025,03
高雄市,695,2025,03
澎湖縣,754,2025,03
屏東縣,652,2025,03
臺東縣,696,2025,03
花蓮縣,678,2025,03
金門縣,718,2025,03
連江縣,850,2025,03
臺北市,768,2025,04
基隆市,720,2025,04
新北市,712,2025,04
宜蘭縣,646,2025,04
新竹市,665,2025,04
新竹縣,660,2025,04
桃園市,655,2025,04
苗栗縣,656,2025,04
臺中市,665,2025,04
彰化縣,624,2025,04
南投縣,643,2025,04
嘉義市,627,2025,04
嘉義縣,620,2025,04
雲林縣,636,2025,04
臺南市,699,2025,04
高雄市,699,2025,04
澎湖縣,754,2025,04
屏東縣,651,2025,04
臺東縣,695,2025,04
花蓮縣,679,2025,04
金門縣,718,2025,04
連江縣,850,2025,04
